Location Number,Destination,Lane Name,MVNDR,Primary Location,Vendor Effective Begin Date,Vendor Effective End Date,Load Group Name,LG Effective Begin Date,LG Effective End Date,Lane Active flag
454512LA001,5520,BREAUX BRIDGE - 5520,383625,Y,6/14/2014,12/31/9999,Default,6/14/2014,12/31/9999,Y
454512OK001,5520,FREEDOM - 5520,383625,N,6/14/2014,12/31/9999,Default,6/14/2014,12/31/9999,Y
471003IL001,5520,DEKALB - 5520,"2,004,840",Y,2/12/2015,12/31/9999,Default,2/12/2015,12/31/9999,Y
471003IL001,5520,DEKALB - 5520,"2,010,681",Y,2/12/2015,12/31/9999,Default,2/12/2015,12/31/9999,Y
471003IL001,5520,DEKALB - 5520,"2,012,732",Y,2/12/2015,12/31/9999,Hazmat,2/12/2015,12/31/9999,Y
471003IL001,5520,DEKALB - 5520,"2,020,888",Y,2/12/2015,12/31/9999,Default,2/12/2015,12/31/9999,Y
471003IL001,5520,DEKALB - 5520,"1,989,435",Y,2/12/2015,12/31/9999,Default,2/12/2015,12/31/9999,Y
471003IL001,5520,DEKALB - 5520,"1,994,445",Y,2/12/2015,12/31/9999,Default,2/12/2015,12/31/9999,Y
471003IL001,5520,DEKALB - 5520,"1,994,446",Y,2/12/2015,12/31/9999,Default,2/12/2015,12/31/9999,Y
471003IL002,5521,DEKALB - 5521,"1,994,447",Y,2/13/2015,1/1/10000,Default,2/13/2015,1/1/10000,Y
471003IL003,5522,DEKALB - 5522,"1,994,448",Y,2/14/2015,1/2/10000,Default,2/14/2015,1/2/10000,Y
471003IL004,5523,DEKALB - 5523,"1,994,449",Y,2/15/2015,1/3/10000,Default,2/15/2015,1/3/10000,Y
471003IL005,5524,DEKALB - 5524,"1,994,450",Y,2/16/2015,1/4/10000,Default,2/16/2015,1/4/10000,Y
471003IL006,5525,DEKALB - 5525,"1,994,451",Y,2/17/2015,1/5/10000,Default,2/17/2015,1/5/10000,Y
471003IL007,5526,DEKALB - 5526,"1,994,452",Y,2/18/2015,1/6/10000,Default,2/18/2015,1/6/10000,Y
471003IL008,5527,DEKALB - 5527,"1,994,453",Y,2/19/2015,1/7/10000,Default,2/19/2015,1/7/10000,Y
471003IL009,5528,DEKALB - 5528,"1,994,454",Y,2/20/2015,1/8/10000,Default,2/20/2015,1/8/10000,Y
471003IL010,5529,DEKALB - 5529,"1,994,455",Y,2/21/2015,1/9/10000,Default,2/21/2015,1/9/10000,Y
471003IL011,5530,DEKALB - 5530,"1,994,456",Y,2/22/2015,1/10/10000,Default,2/22/2015,1/10/10000,Y
471003IL012,5531,DEKALB - 5531,"1,994,457",Y,2/23/2015,1/11/10000,Default,2/23/2015,1/11/10000,Y
471003IL013,5532,DEKALB - 5532,"1,994,458",Y,2/24/2015,1/12/10000,Default,2/24/2015,1/12/10000,Y
471003IL014,5533,DEKALB - 5533,"1,994,459",Y,2/25/2015,1/13/10000,Default,2/25/2015,1/13/10000,Y
471003IL015,5534,DEKALB - 5534,"1,994,460",Y,2/26/2015,1/14/10000,Default,2/26/2015,1/14/10000,Y
471003IL016,5535,DEKALB - 5535,"1,994,461",Y,2/27/2015,1/15/10000,Default,2/27/2015,1/15/10000,Y
471003IL017,5536,DEKALB - 5536,"1,994,462",Y,3/1/2015,1/16/10000,Default,3/1/2015,1/16/10000,Y
471003IL018,5537,DEKALB - 5537,"1,994,463",Y,3/2/2015,1/17/10000,Default,3/2/2015,1/17/10000,Y
471003IL019,5538,DEKALB - 5538,"1,994,464",Y,3/3/2015,1/18/10000,Default,3/3/2015,1/18/10000,Y
471003IL020,5539,DEKALB - 5539,"1,994,465",Y,3/4/2015,1/19/10000,Default,3/4/2015,1/19/10000,Y
471003IL021,5540,DEKALB - 5540,"1,994,466",Y,3/5/2015,1/20/10000,Default,3/5/2015,1/20/10000,Y
471003IL022,5541,DEKALB - 5541,"1,994,467",Y,3/6/2015,1/21/10000,Default,3/6/2015,1/21/10000,Y
471003IL023,5542,DEKALB - 5542,"1,994,468",Y,3/7/2015,1/22/10000,Default,3/7/2015,1/22/10000,Y
471003IL024,5543,DEKALB - 5543,"1,994,469",Y,3/8/2015,1/23/10000,Default,3/8/2015,1/23/10000,Y
471003IL025,5544,DEKALB - 5544,"1,994,470",Y,3/9/2015,1/24/10000,Default,3/9/2015,1/24/10000,Y
471003IL026,5545,DEKALB - 5545,"1,994,471",Y,3/10/2015,1/25/10000,Default,3/10/2015,1/25/10000,Y
471003IL027,5546,DEKALB - 5546,"1,994,472",Y,3/11/2015,1/26/10000,Default,3/11/2015,1/26/10000,Y
471003IL028,5547,DEKALB - 5547,"1,994,473",Y,3/12/2015,1/27/10000,Default,3/12/2015,1/27/10000,Y
471003IL029,5548,DEKALB - 5548,"1,994,474",Y,3/13/2015,1/28/10000,Default,3/13/2015,1/28/10000,Y
471003IL030,5549,DEKALB - 5549,"1,994,475",Y,3/14/2015,1/29/10000,Default,3/14/2015,1/29/10000,Y
471003IL031,5550,DEKALB - 5550,"1,994,476",Y,3/15/2015,1/30/10000,Default,3/15/2015,1/30/10000,Y
471003IL032,5551,DEKALB - 5551,"1,994,477",Y,3/16/2015,1/31/10000,Default,3/16/2015,1/31/10000,Y
471003IL033,5552,DEKALB - 5552,"1,994,478",Y,3/17/2015,2/1/10000,Default,3/17/2015,2/1/10000,Y
471003IL034,5553,DEKALB - 5553,"1,994,479",Y,3/18/2015,2/2/10000,Default,3/18/2015,2/2/10000,Y
471003IL035,5554,DEKALB - 5554,"1,994,480",Y,3/19/2015,2/3/10000,Default,3/19/2015,2/3/10000,Y
471003IL036,5555,DEKALB - 5555,"1,994,481",Y,3/20/2015,2/4/10000,Default,3/20/2015,2/4/10000,Y
471003IL037,5556,DEKALB - 5556,"1,994,482",Y,3/21/2015,2/5/10000,Default,3/21/2015,2/5/10000,Y
471003IL038,5557,DEKALB - 5557,"1,994,483",Y,3/22/2015,2/6/10000,Default,3/22/2015,2/6/10000,Y
471003IL039,5558,DEKALB - 5558,"1,994,484",Y,3/23/2015,2/7/10000,Default,3/23/2015,2/7/10000,Y
471003IL040,5559,DEKALB - 5559,"1,994,485",Y,3/24/2015,2/8/10000,Default,3/24/2015,2/8/10000,Y
471003IL041,5560,DEKALB - 5560,"1,994,486",Y,3/25/2015,2/9/10000,Default,3/25/2015,2/9/10000,Y
471003IL042,5561,DEKALB - 5561,"1,994,487",Y,3/26/2015,2/10/10000,Default,3/26/2015,2/10/10000,Y
471003IL043,5562,DEKALB - 5562,"1,994,488",Y,3/27/2015,2/11/10000,Default,3/27/2015,2/11/10000,Y
471003IL044,5563,DEKALB - 5563,"1,994,489",Y,3/28/2015,2/12/10000,Default,3/28/2015,2/12/10000,Y
471003IL045,5564,DEKALB - 5564,"1,994,490",Y,3/29/2015,2/13/10000,Default,3/29/2015,2/13/10000,Y
471003IL046,5565,DEKALB - 5565,"1,994,491",Y,3/30/2015,2/14/10000,Default,3/30/2015,2/14/10000,Y
471003IL047,5566,DEKALB - 5566,"1,994,492",Y,3/31/2015,2/15/10000,Default,3/31/2015,2/15/10000,Y
471003IL048,5567,DEKALB - 5567,"1,994,493",Y,4/1/2015,2/16/10000,Default,4/1/2015,2/16/10000,Y
471003IL049,5568,DEKALB - 5568,"1,994,494",Y,4/2/2015,2/17/10000,Default,4/2/2015,2/17/10000,Y
471003IL050,5569,DEKALB - 5569,"1,994,495",Y,4/3/2015,2/18/10000,Default,4/3/2015,2/18/10000,Y
471003IL051,5570,DEKALB - 5570,"1,994,496",Y,4/4/2015,2/19/10000,Default,4/4/2015,2/19/10000,Y
471003IL052,5571,DEKALB - 5571,"1,994,497",Y,4/5/2015,2/20/10000,Default,4/5/2015,2/20/10000,Y
471003IL053,5572,DEKALB - 5572,"1,994,498",Y,4/6/2015,2/21/10000,Default,4/6/2015,2/21/10000,Y
471003IL054,5573,DEKALB - 5573,"1,994,499",Y,4/7/2015,2/22/10000,Default,4/7/2015,2/22/10000,Y
471003IL055,5574,DEKALB - 5574,"1,994,500",Y,4/8/2015,2/23/10000,Default,4/8/2015,2/23/10000,Y
471003IL056,5575,DEKALB - 5575,"1,994,501",Y,4/9/2015,2/24/10000,Default,4/9/2015,2/24/10000,Y
471003IL057,5576,DEKALB - 5576,"1,994,502",Y,4/10/2015,2/25/10000,Default,4/10/2015,2/25/10000,Y
471003IL058,5577,DEKALB - 5577,"1,994,503",Y,4/11/2015,2/26/10000,Default,4/11/2015,2/26/10000,Y
471003IL059,5578,DEKALB - 5578,"1,994,504",Y,4/12/2015,2/27/10000,Default,4/12/2015,2/27/10000,Y
471003IL060,5579,DEKALB - 5579,"1,994,505",Y,4/13/2015,2/28/10000,Default,4/13/2015,2/28/10000,Y
471003IL061,5580,DEKALB - 5580,"1,994,506",Y,4/14/2015,2/29/10000,Default,4/14/2015,2/29/10000,Y
471003IL062,5581,DEKALB - 5581,"1,994,507",Y,4/15/2015,3/1/10000,Default,4/15/2015,3/1/10000,Y
471003IL063,5582,DEKALB - 5582,"1,994,508",Y,4/16/2015,3/2/10000,Default,4/16/2015,3/2/10000,Y
471003IL064,5583,DEKALB - 5583,"1,994,509",Y,4/17/2015,3/3/10000,Default,4/17/2015,3/3/10000,Y
471003IL065,5584,DEKALB - 5584,"1,994,510",Y,4/18/2015,3/4/10000,Default,4/18/2015,3/4/10000,Y
471003IL066,5585,DEKALB - 5585,"1,994,511",Y,4/19/2015,3/5/10000,Default,4/19/2015,3/5/10000,Y
471003IL067,5586,DEKALB - 5586,"1,994,512",Y,4/20/2015,3/6/10000,Default,4/20/2015,3/6/10000,Y
471003IL068,5587,DEKALB - 5587,"1,994,513",Y,4/21/2015,3/7/10000,Default,4/21/2015,3/7/10000,Y
471003IL069,5588,DEKALB - 5588,"1,994,514",Y,4/22/2015,3/8/10000,Default,4/22/2015,3/8/10000,Y
471003IL070,5589,DEKALB - 5589,"1,994,515",Y,4/23/2015,3/9/10000,Default,4/23/2015,3/9/10000,Y
471003IL071,5590,DEKALB - 5590,"1,994,516",Y,4/24/2015,3/10/10000,Default,4/24/2015,3/10/10000,Y
471003IL072,5591,DEKALB - 5591,"1,994,517",Y,4/25/2015,3/11/10000,Default,4/25/2015,3/11/10000,Y
471003IL073,5592,DEKALB - 5592,"1,994,518",Y,4/26/2015,3/12/10000,Default,4/26/2015,3/12/10000,Y
471003IL074,5593,DEKALB - 5593,"1,994,519",Y,4/27/2015,3/13/10000,Default,4/27/2015,3/13/10000,Y
471003IL075,5594,DEKALB - 5594,"1,994,520",Y,4/28/2015,3/14/10000,Default,4/28/2015,3/14/10000,Y
471003IL076,5595,DEKALB - 5595,"1,994,521",Y,4/29/2015,3/15/10000,Default,4/29/2015,3/15/10000,Y
471003IL077,5596,DEKALB - 5596,"1,994,522",Y,4/30/2015,3/16/10000,Default,4/30/2015,3/16/10000,Y
471003IL078,5597,DEKALB - 5597,"1,994,523",Y,5/1/2015,3/17/10000,Default,5/1/2015,3/17/10000,Y
471003IL079,5598,DEKALB - 5598,"1,994,524",Y,5/2/2015,3/18/10000,Default,5/2/2015,3/18/10000,Y
471003IL080,5599,DEKALB - 5599,"1,994,525",Y,5/3/2015,3/19/10000,Default,5/3/2015,3/19/10000,Y
471003IL081,5600,DEKALB - 5600,"1,994,526",Y,5/4/2015,3/20/10000,Default,5/4/2015,3/20/10000,Y
471003IL082,5601,DEKALB - 5601,"1,994,527",Y,5/5/2015,3/21/10000,Default,5/5/2015,3/21/10000,Y
471003IL083,5602,DEKALB - 5602,"1,994,528",Y,5/6/2015,3/22/10000,Default,5/6/2015,3/22/10000,Y
471003IL084,5603,DEKALB - 5603,"1,994,529",Y,5/7/2015,3/23/10000,Default,5/7/2015,3/23/10000,Y
471003IL085,5604,DEKALB - 5604,"1,994,530",Y,5/8/2015,3/24/10000,Default,5/8/2015,3/24/10000,Y
471003IL086,5605,DEKALB - 5605,"1,994,531",Y,5/9/2015,3/25/10000,Default,5/9/2015,3/25/10000,Y
471003IL087,5606,DEKALB - 5606,"1,994,532",Y,5/10/2015,3/26/10000,Default,5/10/2015,3/26/10000,Y
471003IL088,5607,DEKALB - 5607,"1,994,533",Y,5/11/2015,3/27/10000,Default,5/11/2015,3/27/10000,Y
471003IL089,5608,DEKALB - 5608,"1,994,534",Y,5/12/2015,3/28/10000,Default,5/12/2015,3/28/10000,Y
471003IL090,5609,DEKALB - 5609,"1,994,535",N,5/13/2015,3/29/10000,Default,5/13/2015,3/29/10000,Y
471003IL091,5610,DEKALB - 5610,"1,994,536",N,5/14/2015,3/30/10000,Default,5/14/2015,3/30/10000,Y
471003IL092,5611,DEKALB - 5611,"1,994,537",N,5/15/2015,3/31/10000,Default,5/15/2015,3/31/10000,Y
471003IL093,5612,DEKALB - 5612,"1,994,538",N,5/16/2015,4/1/10000,Default,5/16/2015,4/1/10000,Y
471003IL094,5613,DEKALB - 5613,"1,994,539",N,5/17/2015,4/2/10000,Default,5/17/2015,4/2/10000,Y
471003IL095,5614,DEKALB - 5614,"1,994,540",N,5/18/2015,4/3/10000,Default,5/18/2015,4/3/10000,Y
471003IL096,5615,DEKALB - 5615,"1,994,541",N,5/19/2015,4/4/10000,Default,5/19/2015,4/4/10000,Y
471003IL097,5616,DEKALB - 5616,"1,994,542",N,5/20/2015,4/5/10000,Default,5/20/2015,4/5/10000,Y
471003IL098,5617,DEKALB - 5617,"1,994,543",N,5/21/2015,4/6/10000,Default,5/21/2015,4/6/10000,Y
471003IL099,5618,DEKALB - 5618,"1,994,544",N,5/22/2015,4/7/10000,Default,5/22/2015,4/7/10000,Y
471003IL100,5619,DEKALB - 5619,"1,994,545",N,5/23/2015,4/8/10000,Default,5/23/2015,4/8/10000,Y
471003IL101,5620,DEKALB - 5620,"1,994,546",N,5/24/2015,4/9/10000,Default,5/24/2015,4/9/10000,Y
471003IL102,5621,DEKALB - 5621,"1,994,547",N,5/25/2015,4/10/10000,Default,5/25/2015,4/10/10000,Y
471003IL103,5622,DEKALB - 5622,"1,994,548",N,5/26/2015,4/11/10000,Default,5/26/2015,4/11/10000,Y
471003IL104,5623,DEKALB - 5623,"1,994,549",N,5/27/2015,4/12/10000,Default,5/27/2015,4/12/10000,Y
471003IL105,5624,DEKALB - 5624,"1,994,550",N,5/28/2015,4/13/10000,Default,5/28/2015,4/13/10000,Y
471003IL106,5625,DEKALB - 5625,"1,994,551",N,5/29/2015,4/14/10000,Default,5/29/2015,4/14/10000,Y
471003IL107,5626,DEKALB - 5626,"1,994,552",N,5/30/2015,4/15/10000,Default,5/30/2015,4/15/10000,Y
471003IL108,5627,DEKALB - 5627,"1,994,553",N,5/31/2015,4/16/10000,Default,5/31/2015,4/16/10000,Y
471003IL109,5628,DEKALB - 5628,"1,994,554",N,6/1/2015,4/17/10000,Default,6/1/2015,4/17/10000,Y
471003IL110,5629,DEKALB - 5629,"1,994,555",N,6/2/2015,4/18/10000,Default,6/2/2015,4/18/10000,Y
471003IL111,5630,DEKALB - 5630,"1,994,556",N,6/3/2015,4/19/10000,Default,6/3/2015,4/19/10000,Y
471003IL112,5631,DEKALB - 5631,"1,994,557",N,6/4/2015,4/20/10000,Default,6/4/2015,4/20/10000,Y
471003IL113,5632,DEKALB - 5632,"1,994,558",N,6/5/2015,4/21/10000,Default,6/5/2015,4/21/10000,Y
471003IL114,5633,DEKALB - 5633,"1,994,559",N,6/6/2015,4/22/10000,Default,6/6/2015,4/22/10000,Y
471003IL115,5634,DEKALB - 5634,"1,994,560",N,6/7/2015,4/23/10000,Default,6/7/2015,4/23/10000,Y
471003IL116,5635,DEKALB - 5635,"1,994,561",N,6/8/2015,4/24/10000,Default,6/8/2015,4/24/10000,Y
471003IL117,5636,DEKALB - 5636,"1,994,562",N,6/9/2015,4/25/10000,Default,6/9/2015,4/25/10000,Y
471003IL118,5637,DEKALB - 5637,"1,994,563",N,6/10/2015,4/26/10000,Default,6/10/2015,4/26/10000,Y
471003IL119,5638,DEKALB - 5638,"1,994,564",N,6/11/2015,4/27/10000,Default,6/11/2015,4/27/10000,Y
471003IL120,5639,DEKALB - 5639,"1,994,565",N,6/12/2015,4/28/10000,Default,6/12/2015,4/28/10000,Y
471003IL121,5640,DEKALB - 5640,"1,994,566",N,6/13/2015,4/29/10000,Default,6/13/2015,4/29/10000,Y
471003IL122,5641,DEKALB - 5641,"1,994,567",N,6/14/2015,4/30/10000,Default,6/14/2015,4/30/10000,Y
471003IL123,5642,DEKALB - 5642,"1,994,568",N,6/15/2015,5/1/10000,Default,6/15/2015,5/1/10000,Y
471003IL124,5643,DEKALB - 5643,"1,994,569",N,6/16/2015,5/2/10000,Default,6/16/2015,5/2/10000,Y
471003IL125,5644,DEKALB - 5644,"1,994,570",N,6/17/2015,5/3/10000,Default,6/17/2015,5/3/10000,Y
471003IL126,5645,DEKALB - 5645,"1,994,571",N,6/18/2015,5/4/10000,Default,6/18/2015,5/4/10000,Y
471003IL127,5646,DEKALB - 5646,"1,994,572",N,6/19/2015,5/5/10000,Default,6/19/2015,5/5/10000,Y
471003IL128,5647,DEKALB - 5647,"1,994,573",N,6/20/2015,5/6/10000,Default,6/20/2015,5/6/10000,Y
471003IL129,5648,DEKALB - 5648,"1,994,574",N,6/21/2015,5/7/10000,Default,6/21/2015,5/7/10000,Y
471003IL130,5649,DEKALB - 5649,"1,994,575",N,6/22/2015,5/8/10000,Default,6/22/2015,5/8/10000,Y
471003IL131,5650,DEKALB - 5650,"1,994,576",N,6/23/2015,5/9/10000,Default,6/23/2015,5/9/10000,Y
471003IL132,5651,DEKALB - 5651,"1,994,577",N,6/24/2015,5/10/10000,Default,6/24/2015,5/10/10000,Y
471003IL133,5652,DEKALB - 5652,"1,994,578",N,6/25/2015,5/11/10000,Default,6/25/2015,5/11/10000,Y
471003IL134,5653,DEKALB - 5653,"1,994,579",N,6/26/2015,5/12/10000,Default,6/26/2015,5/12/10000,Y
471003IL135,5654,DEKALB - 5654,"1,994,580",N,6/27/2015,5/13/10000,Default,6/27/2015,5/13/10000,Y
471003IL136,5655,DEKALB - 5655,"1,994,581",N,6/28/2015,5/14/10000,Default,6/28/2015,5/14/10000,Y
471003IL137,5656,DEKALB - 5656,"1,994,582",N,6/29/2015,5/15/10000,Default,6/29/2015,5/15/10000,Y
471003IL138,5657,DEKALB - 5657,"1,994,583",N,6/30/2015,5/16/10000,Default,6/30/2015,5/16/10000,Y
471003IL139,5658,DEKALB - 5658,"1,994,584",N,7/1/2015,5/17/10000,Default,7/1/2015,5/17/10000,Y
471003IL140,5659,DEKALB - 5659,"1,994,585",N,7/2/2015,5/18/10000,Default,7/2/2015,5/18/10000,Y
471003IL141,5660,DEKALB - 5660,"1,994,586",N,7/3/2015,5/19/10000,Default,7/3/2015,5/19/10000,Y
471003IL142,5661,DEKALB - 5661,"1,994,587",N,7/4/2015,5/20/10000,Default,7/4/2015,5/20/10000,Y
471003IL143,5662,DEKALB - 5662,"1,994,588",N,7/5/2015,5/21/10000,Default,7/5/2015,5/21/10000,Y
471003IL144,5663,DEKALB - 5663,"1,994,589",N,7/6/2015,5/22/10000,Default,7/6/2015,5/22/10000,Y
471003IL145,5664,DEKALB - 5664,"1,994,590",N,7/7/2015,5/23/10000,Default,7/7/2015,5/23/10000,Y
471003IL146,5665,DEKALB - 5665,"1,994,591",N,7/8/2015,5/24/10000,Default,7/8/2015,5/24/10000,Y
471003IL147,5666,DEKALB - 5666,"1,994,592",N,7/9/2015,5/25/10000,Default,7/9/2015,5/25/10000,Y
471003IL148,5667,DEKALB - 5667,"1,994,593",N,7/10/2015,5/26/10000,Default,7/10/2015,5/26/10000,Y
471003IL149,5668,DEKALB - 5668,"1,994,594",N,7/11/2015,5/27/10000,Default,7/11/2015,5/27/10000,Y
471003IL150,5669,DEKALB - 5669,"1,994,595",N,7/12/2015,5/28/10000,Default,7/12/2015,5/28/10000,Y
471003IL151,5670,DEKALB - 5670,"1,994,596",N,7/13/2015,5/29/10000,Default,7/13/2015,5/29/10000,Y
471003IL152,5671,DEKALB - 5671,"1,994,597",N,7/14/2015,5/30/10000,Default,7/14/2015,5/30/10000,Y
471003IL153,5672,DEKALB - 5672,"1,994,598",N,7/15/2015,5/31/10000,Default,7/15/2015,5/31/10000,Y
471003IL154,5673,DEKALB - 5673,"1,994,599",N,7/16/2015,6/1/10000,Default,7/16/2015,6/1/10000,Y
471003IL155,5674,DEKALB - 5674,"1,994,600",N,7/17/2015,6/2/10000,Default,7/17/2015,6/2/10000,Y
471003IL156,5675,DEKALB - 5675,"1,994,601",N,7/18/2015,6/3/10000,Default,7/18/2015,6/3/10000,Y
471003IL157,5676,DEKALB - 5676,"1,994,602",N,7/19/2015,6/4/10000,Default,7/19/2015,6/4/10000,Y
471003IL158,5677,DEKALB - 5677,"1,994,603",N,7/20/2015,6/5/10000,Default,7/20/2015,6/5/10000,Y
471003IL159,5678,DEKALB - 5678,"1,994,604",N,7/21/2015,6/6/10000,Default,7/21/2015,6/6/10000,Y
471003IL160,5679,DEKALB - 5679,"1,994,605",N,7/22/2015,6/7/10000,Default,7/22/2015,6/7/10000,Y
471003IL161,5680,DEKALB - 5680,"1,994,606",N,7/23/2015,6/8/10000,Default,7/23/2015,6/8/10000,Y
471003IL162,5681,DEKALB - 5681,"1,994,607",N,7/24/2015,6/9/10000,Default,7/24/2015,6/9/10000,Y
471003IL163,5682,DEKALB - 5682,"1,994,608",N,7/25/2015,6/10/10000,Default,7/25/2015,6/10/10000,Y
471003IL164,5683,DEKALB - 5683,"1,994,609",N,7/26/2015,6/11/10000,Default,7/26/2015,6/11/10000,Y
471003IL165,5684,DEKALB - 5684,"1,994,610",N,7/27/2015,6/12/10000,Default,7/27/2015,6/12/10000,Y
471003IL166,5685,DEKALB - 5685,"1,994,611",N,7/28/2015,6/13/10000,Default,7/28/2015,6/13/10000,Y
471003IL167,5686,DEKALB - 5686,"1,994,612",N,7/29/2015,6/14/10000,Default,7/29/2015,6/14/10000,Y
471003IL168,5687,DEKALB - 5687,"1,994,613",N,7/30/2015,6/15/10000,Default,7/30/2015,6/15/10000,Y
471003IL169,5688,DEKALB - 5688,"1,994,614",N,7/31/2015,6/16/10000,Default,7/31/2015,6/16/10000,Y
471003IL170,5689,DEKALB - 5689,"1,994,615",N,8/1/2015,6/17/10000,Default,8/1/2015,6/17/10000,Y
471003IL171,5690,DEKALB - 5690,"1,994,616",N,8/2/2015,6/18/10000,Default,8/2/2015,6/18/10000,Y
471003IL172,5691,DEKALB - 5691,"1,994,617",N,8/3/2015,6/19/10000,Default,8/3/2015,6/19/10000,Y
471003IL173,5692,DEKALB - 5692,"1,994,618",N,8/4/2015,6/20/10000,Default,8/4/2015,6/20/10000,Y
471003IL174,5693,DEKALB - 5693,"1,994,619",N,8/5/2015,6/21/10000,Default,8/5/2015,6/21/10000,Y
471003IL175,5694,DEKALB - 5694,"1,994,620",N,8/6/2015,6/22/10000,Default,8/6/2015,6/22/10000,Y
471003IL176,5695,DEKALB - 5695,"1,994,621",N,8/7/2015,6/23/10000,Default,8/7/2015,6/23/10000,Y
471003IL177,5696,DEKALB - 5696,"1,994,622",N,8/8/2015,6/24/10000,Default,8/8/2015,6/24/10000,Y
471003IL178,5697,DEKALB - 5697,"1,994,623",N,8/9/2015,6/25/10000,Default,8/9/2015,6/25/10000,Y
471003IL179,5698,DEKALB - 5698,"1,994,624",N,8/10/2015,6/26/10000,Default,8/10/2015,6/26/10000,Y
471003IL180,5699,DEKALB - 5699,"1,994,625",N,8/11/2015,6/27/10000,Default,8/11/2015,6/27/10000,Y
471003IL181,5700,DEKALB - 5700,"1,994,626",N,8/12/2015,6/28/10000,Default,8/12/2015,6/28/10000,Y
471003IL182,5701,DEKALB - 5701,"1,994,627",N,8/13/2015,6/29/10000,Default,8/13/2015,6/29/10000,Y
471003IL183,5702,DEKALB - 5702,"1,994,628",N,8/14/2015,6/30/10000,Default,8/14/2015,6/30/10000,Y
471003IL184,5703,DEKALB - 5703,"1,994,629",N,8/15/2015,7/1/10000,Default,8/15/2015,7/1/10000,Y
471003IL185,5704,DEKALB - 5704,"1,994,630",N,8/16/2015,7/2/10000,Default,8/16/2015,7/2/10000,Y
471003IL186,5705,DEKALB - 5705,"1,994,631",N,8/17/2015,7/3/10000,Default,8/17/2015,7/3/10000,Y
471003IL187,5706,DEKALB - 5706,"1,994,632",N,8/18/2015,7/4/10000,Default,8/18/2015,7/4/10000,Y
471003IL188,5707,DEKALB - 5707,"1,994,633",N,8/19/2015,7/5/10000,Default,8/19/2015,7/5/10000,Y
471003IL189,5708,DEKALB - 5708,"1,994,634",N,8/20/2015,7/6/10000,Default,8/20/2015,7/6/10000,Y
471003IL190,5709,DEKALB - 5709,"1,994,635",N,8/21/2015,7/7/10000,Default,8/21/2015,7/7/10000,Y
471003IL191,5710,DEKALB - 5710,"1,994,636",N,8/22/2015,7/8/10000,Default,8/22/2015,7/8/10000,Y
471003IL192,5711,DEKALB - 5711,"1,994,637",N,8/23/2015,7/9/10000,Default,8/23/2015,7/9/10000,Y
471003IL193,5712,DEKALB - 5712,"1,994,638",N,8/24/2015,7/10/10000,Default,8/24/2015,7/10/10000,Y
471003IL194,5713,DEKALB - 5713,"1,994,639",N,8/25/2015,7/11/10000,Default,8/25/2015,7/11/10000,Y
471003IL195,5714,DEKALB - 5714,"1,994,640",N,8/26/2015,7/12/10000,Default,8/26/2015,7/12/10000,Y
471003IL196,5715,DEKALB - 5715,"1,994,641",N,8/27/2015,7/13/10000,Default,8/27/2015,7/13/10000,Y
471003IL197,5716,DEKALB - 5716,"1,994,642",N,8/28/2015,7/14/10000,Default,8/28/2015,7/14/10000,Y
471003IL198,5717,DEKALB - 5717,"1,994,643",N,8/29/2015,7/15/10000,Default,8/29/2015,7/15/10000,Y
471003IL199,5718,DEKALB - 5718,"1,994,644",N,8/30/2015,7/16/10000,Default,8/30/2015,7/16/10000,Y
471003IL200,5719,DEKALB - 5719,"1,994,645",N,8/31/2015,7/17/10000,Default,8/31/2015,7/17/10000,Y
471003IL201,5720,DEKALB - 5720,"1,994,646",N,9/1/2015,7/18/10000,Default,9/1/2015,7/18/10000,Y
471003IL202,5721,DEKALB - 5721,"1,994,647",N,9/2/2015,7/19/10000,Default,9/2/2015,7/19/10000,Y
471003IL203,5722,DEKALB - 5722,"1,994,648",N,9/3/2015,7/20/10000,Default,9/3/2015,7/20/10000,Y
471003IL204,5723,DEKALB - 5723,"1,994,649",N,9/4/2015,7/21/10000,Default,9/4/2015,7/21/10000,Y
471003IL205,5724,DEKALB - 5724,"1,994,650",N,9/5/2015,7/22/10000,Default,9/5/2015,7/22/10000,Y
471003IL206,5725,DEKALB - 5725,"1,994,651",N,9/6/2015,7/23/10000,Default,9/6/2015,7/23/10000,Y
471003IL207,5726,DEKALB - 5726,"1,994,652",N,9/7/2015,7/24/10000,Default,9/7/2015,7/24/10000,Y
471003IL208,5727,DEKALB - 5727,"1,994,653",N,9/8/2015,7/25/10000,Default,9/8/2015,7/25/10000,Y
471003IL209,5728,DEKALB - 5728,"1,994,654",N,9/9/2015,7/26/10000,Default,9/9/2015,7/26/10000,Y
471003IL210,5729,DEKALB - 5729,"1,994,655",N,9/10/2015,7/27/10000,Default,9/10/2015,7/27/10000,Y
471003IL211,5730,DEKALB - 5730,"1,994,656",N,9/11/2015,7/28/10000,Default,9/11/2015,7/28/10000,Y
471003IL212,5731,DEKALB - 5731,"1,994,657",N,9/12/2015,7/29/10000,Default,9/12/2015,7/29/10000,Y
471003IL213,5732,DEKALB - 5732,"1,994,658",N,9/13/2015,7/30/10000,Default,9/13/2015,7/30/10000,Y
471003IL214,5733,DEKALB - 5733,"1,994,659",N,9/14/2015,7/31/10000,Default,9/14/2015,7/31/10000,Y
471003IL215,5734,DEKALB - 5734,"1,994,660",N,9/15/2015,8/1/10000,Default,9/15/2015,8/1/10000,Y
471003IL216,5735,DEKALB - 5735,"1,994,661",N,9/16/2015,8/2/10000,Default,9/16/2015,8/2/10000,Y
471003IL217,5736,DEKALB - 5736,"1,994,662",N,9/17/2015,8/3/10000,Default,9/17/2015,8/3/10000,Y
471003IL218,5737,DEKALB - 5737,"1,994,663",N,9/18/2015,8/4/10000,Default,9/18/2015,8/4/10000,Y
471003IL219,5738,DEKALB - 5738,"1,994,664",N,9/19/2015,8/5/10000,Default,9/19/2015,8/5/10000,Y
471003IL220,5739,DEKALB - 5739,"1,994,665",N,9/20/2015,8/6/10000,Default,9/20/2015,8/6/10000,Y
471003IL221,5740,DEKALB - 5740,"1,994,666",N,9/21/2015,8/7/10000,Default,9/21/2015,8/7/10000,Y
471003IL222,5741,DEKALB - 5741,"1,994,667",N,9/22/2015,8/8/10000,Default,9/22/2015,8/8/10000,Y
471003IL223,5742,DEKALB - 5742,"1,994,668",N,9/23/2015,8/9/10000,Default,9/23/2015,8/9/10000,Y
471003IL224,5743,DEKALB - 5743,"1,994,669",N,9/24/2015,8/10/10000,Default,9/24/2015,8/10/10000,Y
471003IL225,5744,DEKALB - 5744,"1,994,670",N,9/25/2015,8/11/10000,Default,9/25/2015,8/11/10000,Y
471003IL226,5745,DEKALB - 5745,"1,994,671",N,9/26/2015,8/12/10000,Default,9/26/2015,8/12/10000,Y
471003IL227,5746,DEKALB - 5746,"1,994,672",N,9/27/2015,8/13/10000,Default,9/27/2015,8/13/10000,Y
471003IL228,5747,DEKALB - 5747,"1,994,673",N,9/28/2015,8/14/10000,Default,9/28/2015,8/14/10000,Y
471003IL229,5748,DEKALB - 5748,"1,994,674",N,9/29/2015,8/15/10000,Default,9/29/2015,8/15/10000,Y
471003IL230,5749,DEKALB - 5749,"1,994,675",N,9/30/2015,8/16/10000,Default,9/30/2015,8/16/10000,Y
471003IL231,5750,DEKALB - 5750,"1,994,676",N,10/1/2015,8/17/10000,Default,10/1/2015,8/17/10000,Y
471003IL232,5751,DEKALB - 5751,"1,994,677",N,10/2/2015,8/18/10000,Default,10/2/2015,8/18/10000,Y
471003IL233,5752,DEKALB - 5752,"1,994,678",N,10/3/2015,8/19/10000,Default,10/3/2015,8/19/10000,Y
471003IL234,5753,DEKALB - 5753,"1,994,679",N,10/4/2015,8/20/10000,Default,10/4/2015,8/20/10000,Y
471003IL235,5754,DEKALB - 5754,"1,994,680",N,10/5/2015,8/21/10000,Default,10/5/2015,8/21/10000,Y
471003IL236,5755,DEKALB - 5755,"1,994,681",N,10/6/2015,8/22/10000,Default,10/6/2015,8/22/10000,Y
471003IL237,5756,DEKALB - 5756,"1,994,682",N,10/7/2015,8/23/10000,Default,10/7/2015,8/23/10000,Y
471003IL238,5757,DEKALB - 5757,"1,994,683",N,10/8/2015,8/24/10000,Default,10/8/2015,8/24/10000,Y
471003IL239,5758,DEKALB - 5758,"1,994,684",N,10/9/2015,8/25/10000,Default,10/9/2015,8/25/10000,Y
471003IL240,5759,DEKALB - 5759,"1,994,685",N,10/10/2015,8/26/10000,Default,10/10/2015,8/26/10000,Y
471003IL241,5760,DEKALB - 5760,"1,994,686",N,10/11/2015,8/27/10000,Default,10/11/2015,8/27/10000,Y
471003IL242,5761,DEKALB - 5761,"1,994,687",N,10/12/2015,8/28/10000,Default,10/12/2015,8/28/10000,Y
471003IL243,5762,DEKALB - 5762,"1,994,688",N,10/13/2015,8/29/10000,Default,10/13/2015,8/29/10000,Y
471003IL244,5763,DEKALB - 5763,"1,994,689",N,10/14/2015,8/30/10000,Default,10/14/2015,8/30/10000,Y
471003IL245,5764,DEKALB - 5764,"1,994,690",N,10/15/2015,8/31/10000,Default,10/15/2015,8/31/10000,Y
471003IL246,5765,DEKALB - 5765,"1,994,691",N,10/16/2015,9/1/10000,Default,10/16/2015,9/1/10000,Y
471003IL247,5766,DEKALB - 5766,"1,994,692",N,10/17/2015,9/2/10000,Default,10/17/2015,9/2/10000,Y
471003IL248,5767,DEKALB - 5767,"1,994,693",N,10/18/2015,9/3/10000,Default,10/18/2015,9/3/10000,Y
471003IL249,5768,DEKALB - 5768,"1,994,694",N,10/19/2015,9/4/10000,Default,10/19/2015,9/4/10000,Y
471003IL250,5769,DEKALB - 5769,"1,994,695",N,10/20/2015,9/5/10000,Default,10/20/2015,9/5/10000,Y
471003IL251,5770,DEKALB - 5770,"1,994,696",N,10/21/2015,9/6/10000,Default,10/21/2015,9/6/10000,Y
471003IL252,5771,DEKALB - 5771,"1,994,697",N,10/22/2015,9/7/10000,Default,10/22/2015,9/7/10000,Y
471003IL253,5772,DEKALB - 5772,"1,994,698",N,10/23/2015,9/8/10000,Default,10/23/2015,9/8/10000,Y
471003IL254,5773,DEKALB - 5773,"1,994,699",N,10/24/2015,9/9/10000,Default,10/24/2015,9/9/10000,Y
471003IL255,5774,DEKALB - 5774,"1,994,700",N,10/25/2015,9/10/10000,Default,10/25/2015,9/10/10000,Y
471003IL256,5775,DEKALB - 5775,"1,994,701",N,10/26/2015,9/11/10000,Default,10/26/2015,9/11/10000,Y
471003IL257,5776,DEKALB - 5776,"1,994,702",N,10/27/2015,9/12/10000,Default,10/27/2015,9/12/10000,Y
471003IL258,5777,DEKALB - 5777,"1,994,703",N,10/28/2015,9/13/10000,Default,10/28/2015,9/13/10000,Y
471003IL259,5778,DEKALB - 5778,"1,994,704",N,10/29/2015,9/14/10000,Default,10/29/2015,9/14/10000,Y
471003IL260,5779,DEKALB - 5779,"1,994,705",N,10/30/2015,9/15/10000,Default,10/30/2015,9/15/10000,Y
471003IL261,5780,DEKALB - 5780,"1,994,706",N,10/31/2015,9/16/10000,Default,10/31/2015,9/16/10000,Y
471003IL262,5781,DEKALB - 5781,"1,994,707",N,11/1/2015,9/17/10000,Default,11/1/2015,9/17/10000,Y
471003IL263,5782,DEKALB - 5782,"1,994,708",N,11/2/2015,9/18/10000,Default,11/2/2015,9/18/10000,Y
471003IL264,5783,DEKALB - 5783,"1,994,709",N,11/3/2015,9/19/10000,Default,11/3/2015,9/19/10000,Y
471003IL265,5784,DEKALB - 5784,"1,994,710",N,11/4/2015,9/20/10000,Default,11/4/2015,9/20/10000,Y
471003IL266,5785,DEKALB - 5785,"1,994,711",N,11/5/2015,9/21/10000,Default,11/5/2015,9/21/10000,Y
471003IL267,5786,DEKALB - 5786,"1,994,712",N,11/6/2015,9/22/10000,Default,11/6/2015,9/22/10000,Y
471003IL268,5787,DEKALB - 5787,"1,994,713",N,11/7/2015,9/23/10000,Default,11/7/2015,9/23/10000,Y
471003IL269,5788,DEKALB - 5788,"1,994,714",N,11/8/2015,9/24/10000,Default,11/8/2015,9/24/10000,Y
471003IL270,5789,DEKALB - 5789,"1,994,715",N,11/9/2015,9/25/10000,Default,11/9/2015,9/25/10000,Y
471003IL271,5790,DEKALB - 5790,"1,994,716",N,11/10/2015,9/26/10000,Default,11/10/2015,9/26/10000,Y
471003IL272,5791,DEKALB - 5791,"1,994,717",N,11/11/2015,9/27/10000,Default,11/11/2015,9/27/10000,Y
471003IL273,5792,DEKALB - 5792,"1,994,718",N,11/12/2015,9/28/10000,Default,11/12/2015,9/28/10000,Y
471003IL274,5793,DEKALB - 5793,"1,994,719",N,11/13/2015,9/29/10000,Default,11/13/2015,9/29/10000,Y
471003IL275,5794,DEKALB - 5794,"1,994,720",N,11/14/2015,9/30/10000,Default,11/14/2015,9/30/10000,Y
471003IL276,5795,DEKALB - 5795,"1,994,721",N,11/15/2015,10/1/10000,Default,11/15/2015,10/1/10000,Y
471003IL277,5796,DEKALB - 5796,"1,994,722",N,11/16/2015,10/2/10000,Default,11/16/2015,10/2/10000,Y
471003IL278,5797,DEKALB - 5797,"1,994,723",N,11/17/2015,10/3/10000,Default,11/17/2015,10/3/10000,Y
471003IL279,5798,DEKALB - 5798,"1,994,724",N,11/18/2015,10/4/10000,Default,11/18/2015,10/4/10000,Y
471003IL280,5799,DEKALB - 5799,"1,994,725",N,11/19/2015,10/5/10000,Default,11/19/2015,10/5/10000,Y
471003IL281,5800,DEKALB - 5800,"1,994,726",N,11/20/2015,10/6/10000,Default,11/20/2015,10/6/10000,Y
471003IL282,5801,DEKALB - 5801,"1,994,727",N,11/21/2015,10/7/10000,Default,11/21/2015,10/7/10000,Y
471003IL283,5802,DEKALB - 5802,"1,994,728",N,11/22/2015,10/8/10000,Default,11/22/2015,10/8/10000,Y
471003IL284,5803,DEKALB - 5803,"1,994,729",N,11/23/2015,10/9/10000,Default,11/23/2015,10/9/10000,Y
471003IL285,5804,DEKALB - 5804,"1,994,730",N,11/24/2015,10/10/10000,Default,11/24/2015,10/10/10000,Y
471003IL286,5805,DEKALB - 5805,"1,994,731",N,11/25/2015,10/11/10000,Default,11/25/2015,10/11/10000,Y
471003IL287,5806,DEKALB - 5806,"1,994,732",N,11/26/2015,10/12/10000,Default,11/26/2015,10/12/10000,Y
471003IL288,5807,DEKALB - 5807,"1,994,733",N,11/27/2015,10/13/10000,Default,11/27/2015,10/13/10000,Y
471003IL289,5808,DEKALB - 5808,"1,994,734",N,11/28/2015,10/14/10000,Default,11/28/2015,10/14/10000,Y
471003IL290,5809,DEKALB - 5809,"1,994,735",N,11/29/2015,10/15/10000,Default,11/29/2015,10/15/10000,Y
471003IL291,5810,DEKALB - 5810,"1,994,736",N,11/30/2015,10/16/10000,Default,11/30/2015,10/16/10000,Y
471003IL292,5811,DEKALB - 5811,"1,994,737",N,12/1/2015,10/17/10000,Default,12/1/2015,10/17/10000,Y
471003IL293,5812,DEKALB - 5812,"1,994,738",N,12/2/2015,10/18/10000,Default,12/2/2015,10/18/10000,Y
471003IL294,5813,DEKALB - 5813,"1,994,739",N,12/3/2015,10/19/10000,Default,12/3/2015,10/19/10000,Y
471003IL295,5814,DEKALB - 5814,"1,994,740",N,12/4/2015,10/20/10000,Default,12/4/2015,10/20/10000,Y
471003IL296,5815,DEKALB - 5815,"1,994,741",N,12/5/2015,10/21/10000,Default,12/5/2015,10/21/10000,Y
471003IL297,5816,DEKALB - 5816,"1,994,742",N,12/6/2015,10/22/10000,Default,12/6/2015,10/22/10000,Y
471003IL298,5817,DEKALB - 5817,"1,994,743",N,12/7/2015,10/23/10000,Default,12/7/2015,10/23/10000,Y
471003IL299,5818,DEKALB - 5818,"1,994,744",N,12/8/2015,10/24/10000,Default,12/8/2015,10/24/10000,Y
471003IL300,5819,DEKALB - 5819,"1,994,745",N,12/9/2015,10/25/10000,Default,12/9/2015,10/25/10000,Y
471003IL301,5820,DEKALB - 5820,"1,994,746",N,12/10/2015,10/26/10000,Default,12/10/2015,10/26/10000,Y
471003IL302,5821,DEKALB - 5821,"1,994,747",N,12/11/2015,10/27/10000,Default,12/11/2015,10/27/10000,Y
471003IL303,5822,DEKALB - 5822,"1,994,748",N,12/12/2015,10/28/10000,Default,12/12/2015,10/28/10000,Y
471003IL304,5823,DEKALB - 5823,"1,994,749",N,12/13/2015,10/29/10000,Default,12/13/2015,10/29/10000,Y
471003IL305,5824,DEKALB - 5824,"1,994,750",N,12/14/2015,10/30/10000,Default,12/14/2015,10/30/10000,Y
471003IL306,5825,DEKALB - 5825,"1,994,751",N,12/15/2015,10/31/10000,Default,12/15/2015,10/31/10000,Y
471003IL307,5826,DEKALB - 5826,"1,994,752",N,12/16/2015,11/1/10000,Default,12/16/2015,11/1/10000,Y
471003IL308,5827,DEKALB - 5827,"1,994,753",N,12/17/2015,11/2/10000,Default,12/17/2015,11/2/10000,Y
471003IL309,5828,DEKALB - 5828,"1,994,754",N,12/18/2015,11/3/10000,Default,12/18/2015,11/3/10000,Y
471003IL310,5829,DEKALB - 5829,"1,994,755",N,12/19/2015,11/4/10000,Default,12/19/2015,11/4/10000,Y
471003IL311,5830,DEKALB - 5830,"1,994,756",N,12/20/2015,11/5/10000,Default,12/20/2015,11/5/10000,Y
471003IL312,5831,DEKALB - 5831,"1,994,757",N,12/21/2015,11/6/10000,Default,12/21/2015,11/6/10000,Y
471003IL313,5832,DEKALB - 5832,"1,994,758",N,12/22/2015,11/7/10000,Default,12/22/2015,11/7/10000,Y
471003IL314,5833,DEKALB - 5833,"1,994,759",N,12/23/2015,11/8/10000,Default,12/23/2015,11/8/10000,Y
471003IL315,5834,DEKALB - 5834,"1,994,760",N,12/24/2015,11/9/10000,Default,12/24/2015,11/9/10000,Y
471003IL316,5835,DEKALB - 5835,"1,994,761",N,12/25/2015,11/10/10000,Default,12/25/2015,11/10/10000,Y
471003IL317,5836,DEKALB - 5836,"1,994,762",N,12/26/2015,11/11/10000,Default,12/26/2015,11/11/10000,Y
471003IL318,5837,DEKALB - 5837,"1,994,763",N,12/27/2015,11/12/10000,Default,12/27/2015,11/12/10000,Y
471003IL319,5838,DEKALB - 5838,"1,994,764",N,12/28/2015,11/13/10000,Default,12/28/2015,11/13/10000,Y
471003IL320,5839,DEKALB - 5839,"1,994,765",N,12/29/2015,11/14/10000,Default,12/29/2015,11/14/10000,Y
471003IL321,5840,DEKALB - 5840,"1,994,766",N,12/30/2015,11/15/10000,Default,12/30/2015,11/15/10000,Y
471003IL322,5841,DEKALB - 5841,"1,994,767",N,12/31/2015,11/16/10000,Default,12/31/2015,11/16/10000,Y
471003IL323,5842,DEKALB - 5842,"1,994,768",N,1/1/2016,11/17/10000,Default,1/1/2016,11/17/10000,Y
471003IL324,5843,DEKALB - 5843,"1,994,769",N,1/2/2016,11/18/10000,Default,1/2/2016,11/18/10000,Y
471003IL325,5844,DEKALB - 5844,"1,994,770",N,1/3/2016,11/19/10000,Default,1/3/2016,11/19/10000,Y
471003IL326,5845,DEKALB - 5845,"1,994,771",N,1/4/2016,11/20/10000,Default,1/4/2016,11/20/10000,Y
471003IL327,5846,DEKALB - 5846,"1,994,772",N,1/5/2016,11/21/10000,Default,1/5/2016,11/21/10000,Y
471003IL328,5847,DEKALB - 5847,"1,994,773",N,1/6/2016,11/22/10000,Default,1/6/2016,11/22/10000,Y
471003IL329,5848,DEKALB - 5848,"1,994,774",N,1/7/2016,11/23/10000,Default,1/7/2016,11/23/10000,Y
471003IL330,5849,DEKALB - 5849,"1,994,775",N,1/8/2016,11/24/10000,Default,1/8/2016,11/24/10000,Y
471003IL331,5850,DEKALB - 5850,"1,994,776",N,1/9/2016,11/25/10000,Default,1/9/2016,11/25/10000,Y
471003IL332,5851,DEKALB - 5851,"1,994,777",N,1/10/2016,11/26/10000,Default,1/10/2016,11/26/10000,Y
471003IL333,5852,DEKALB - 5852,"1,994,778",N,1/11/2016,11/27/10000,Default,1/11/2016,11/27/10000,Y
471003IL334,5853,DEKALB - 5853,"1,994,779",N,1/12/2016,11/28/10000,Default,1/12/2016,11/28/10000,Y
471003IL335,5854,DEKALB - 5854,"1,994,780",N,1/13/2016,11/29/10000,Default,1/13/2016,11/29/10000,Y
471003IL336,5855,DEKALB - 5855,"1,994,781",N,1/14/2016,11/30/10000,Default,1/14/2016,11/30/10000,Y
471003IL337,5856,DEKALB - 5856,"1,994,782",N,1/15/2016,12/1/10000,Default,1/15/2016,12/1/10000,Y
471003IL338,5857,DEKALB - 5857,"1,994,783",N,1/16/2016,12/2/10000,Default,1/16/2016,12/2/10000,Y
471003IL339,5858,DEKALB - 5858,"1,994,784",N,1/17/2016,12/3/10000,Default,1/17/2016,12/3/10000,Y
471003IL340,5859,DEKALB - 5859,"1,994,785",N,1/18/2016,12/4/10000,Default,1/18/2016,12/4/10000,Y
471003IL341,5860,DEKALB - 5860,"1,994,786",N,1/19/2016,12/5/10000,Default,1/19/2016,12/5/10000,Y
471003IL342,5861,DEKALB - 5861,"1,994,787",N,1/20/2016,12/6/10000,Default,1/20/2016,12/6/10000,Y
471003IL343,5862,DEKALB - 5862,"1,994,788",N,1/21/2016,12/7/10000,Default,1/21/2016,12/7/10000,Y
471003IL344,5863,DEKALB - 5863,"1,994,789",N,1/22/2016,12/8/10000,Default,1/22/2016,12/8/10000,Y
471003IL345,5864,DEKALB - 5864,"1,994,790",N,1/23/2016,12/9/10000,Default,1/23/2016,12/9/10000,Y
471003IL346,5865,DEKALB - 5865,"1,994,791",N,1/24/2016,12/10/10000,Default,1/24/2016,12/10/10000,Y
471003IL347,5866,DEKALB - 5866,"1,994,792",N,1/25/2016,12/11/10000,Default,1/25/2016,12/11/10000,Y
471003IL348,5867,DEKALB - 5867,"1,994,793",N,1/26/2016,12/12/10000,Default,1/26/2016,12/12/10000,Y
471003IL349,5868,DEKALB - 5868,"1,994,794",N,1/27/2016,12/13/10000,Default,1/27/2016,12/13/10000,Y
471003IL350,5869,DEKALB - 5869,"1,994,795",N,1/28/2016,12/14/10000,Default,1/28/2016,12/14/10000,Y
471003IL351,5870,DEKALB - 5870,"1,994,796",N,1/29/2016,12/15/10000,Default,1/29/2016,12/15/10000,Y
471003IL352,5871,DEKALB - 5871,"1,994,797",N,1/30/2016,12/16/10000,Default,1/30/2016,12/16/10000,Y
471003IL353,5872,DEKALB - 5872,"1,994,798",N,1/31/2016,12/17/10000,Default,1/31/2016,12/17/10000,Y
471003IL354,5873,DEKALB - 5873,"1,994,799",N,2/1/2016,12/18/10000,Default,2/1/2016,12/18/10000,Y
471003IL355,5874,DEKALB - 5874,"1,994,800",N,2/2/2016,12/19/10000,Default,2/2/2016,12/19/10000,Y
471003IL356,5875,DEKALB - 5875,"1,994,801",N,2/3/2016,12/20/10000,Default,2/3/2016,12/20/10000,Y
471003IL357,5876,DEKALB - 5876,"1,994,802",N,2/4/2016,12/21/10000,Default,2/4/2016,12/21/10000,Y
471003IL358,5877,DEKALB - 5877,"1,994,803",N,2/5/2016,12/22/10000,Default,2/5/2016,12/22/10000,Y
471003IL359,5878,DEKALB - 5878,"1,994,804",N,2/6/2016,12/23/10000,Default,2/6/2016,12/23/10000,Y
471003IL360,5879,DEKALB - 5879,"1,994,805",N,2/7/2016,12/24/10000,Default,2/7/2016,12/24/10000,Y
471003IL361,5880,DEKALB - 5880,"1,994,806",N,2/8/2016,12/25/10000,Default,2/8/2016,12/25/10000,Y
471003IL362,5881,DEKALB - 5881,"1,994,807",N,2/9/2016,12/26/10000,Default,2/9/2016,12/26/10000,Y
471003IL363,5882,DEKALB - 5882,"1,994,808",N,2/10/2016,12/27/10000,Default,2/10/2016,12/27/10000,Y
471003IL364,5883,DEKALB - 5883,"1,994,809",N,2/11/2016,12/28/10000,Default,2/11/2016,12/28/10000,Y
471003IL365,5884,DEKALB - 5884,"1,994,810",N,2/12/2016,12/29/10000,Default,2/12/2016,12/29/10000,Y
471003IL366,5885,DEKALB - 5885,"1,994,811",N,2/13/2016,12/30/10000,Default,2/13/2016,12/30/10000,Y
471003IL367,5886,DEKALB - 5886,"1,994,812",N,2/14/2016,12/31/10000,Default,2/14/2016,12/31/10000,Y
471003IL368,5887,DEKALB - 5887,"1,994,813",N,2/15/2016,1/1/10001,Default,2/15/2016,1/1/10001,Y
471003IL369,5888,DEKALB - 5888,"1,994,814",N,2/16/2016,1/2/10001,Default,2/16/2016,1/2/10001,Y
471003IL370,5889,DEKALB - 5889,"1,994,815",N,2/17/2016,1/3/10001,Default,2/17/2016,1/3/10001,Y
471003IL371,5890,DEKALB - 5890,"1,994,816",N,2/18/2016,1/4/10001,Default,2/18/2016,1/4/10001,Y
471003IL372,5891,DEKALB - 5891,"1,994,817",N,2/19/2016,1/5/10001,Default,2/19/2016,1/5/10001,Y
471003IL373,5892,DEKALB - 5892,"1,994,818",N,2/20/2016,1/6/10001,Default,2/20/2016,1/6/10001,Y
471003IL374,5893,DEKALB - 5893,"1,994,819",N,2/21/2016,1/7/10001,Default,2/21/2016,1/7/10001,Y
471003IL375,5894,DEKALB - 5894,"1,994,820",N,2/22/2016,1/8/10001,Default,2/22/2016,1/8/10001,Y
471003IL376,5895,DEKALB - 5895,"1,994,821",N,2/23/2016,1/9/10001,Default,2/23/2016,1/9/10001,Y
471003IL377,5896,DEKALB - 5896,"1,994,822",N,2/24/2016,1/10/10001,Default,2/24/2016,1/10/10001,Y
471003IL378,5897,DEKALB - 5897,"1,994,823",N,2/25/2016,1/11/10001,Default,2/25/2016,1/11/10001,Y
471003IL379,5898,DEKALB - 5898,"1,994,824",N,2/26/2016,1/12/10001,Default,2/26/2016,1/12/10001,Y
471003IL380,5899,DEKALB - 5899,"1,994,825",N,2/27/2016,1/13/10001,Default,2/27/2016,1/13/10001,Y
471003IL381,5900,DEKALB - 5900,"1,994,826",N,2/28/2016,1/14/10001,Default,2/28/2016,1/14/10001,Y
471003IL382,5901,DEKALB - 5901,"1,994,827",N,2/29/2016,1/15/10001,Default,2/29/2016,1/15/10001,Y
471003IL383,5902,DEKALB - 5902,"1,994,828",N,3/1/2016,1/16/10001,Default,3/1/2016,1/16/10001,Y
471003IL384,5903,DEKALB - 5903,"1,994,829",N,3/2/2016,1/17/10001,Default,3/2/2016,1/17/10001,Y
471003IL385,5904,DEKALB - 5904,"1,994,830",N,3/3/2016,1/18/10001,Default,3/3/2016,1/18/10001,Y
471003IL386,5905,DEKALB - 5905,"1,994,831",N,3/4/2016,1/19/10001,Default,3/4/2016,1/19/10001,Y
471003IL387,5906,DEKALB - 5906,"1,994,832",N,3/5/2016,1/20/10001,Default,3/5/2016,1/20/10001,Y
471003IL388,5907,DEKALB - 5907,"1,994,833",N,3/6/2016,1/21/10001,Default,3/6/2016,1/21/10001,Y
471003IL389,5908,DEKALB - 5908,"1,994,834",N,3/7/2016,1/22/10001,Default,3/7/2016,1/22/10001,Y
471003IL390,5909,DEKALB - 5909,"1,994,835",N,3/8/2016,1/23/10001,Default,3/8/2016,1/23/10001,Y
471003IL391,5910,DEKALB - 5910,"1,994,836",N,3/9/2016,1/24/10001,Default,3/9/2016,1/24/10001,Y
471003IL392,5911,DEKALB - 5911,"1,994,837",N,3/10/2016,1/25/10001,Default,3/10/2016,1/25/10001,Y
471003IL393,5912,DEKALB - 5912,"1,994,838",N,3/11/2016,1/26/10001,Default,3/11/2016,1/26/10001,Y
471003IL394,5913,DEKALB - 5913,"1,994,839",N,3/12/2016,1/27/10001,Default,3/12/2016,1/27/10001,Y
471003IL395,5914,DEKALB - 5914,"1,994,840",N,3/13/2016,1/28/10001,Default,3/13/2016,1/28/10001,Y
471003IL396,5915,DEKALB - 5915,"1,994,841",N,3/14/2016,1/29/10001,Default,3/14/2016,1/29/10001,Y
471003IL397,5916,DEKALB - 5916,"1,994,842",N,3/15/2016,1/30/10001,Default,3/15/2016,1/30/10001,Y
471003IL398,5917,DEKALB - 5917,"1,994,843",N,3/16/2016,1/31/10001,Default,3/16/2016,1/31/10001,Y
471003IL399,5918,DEKALB - 5918,"1,994,844",N,3/17/2016,2/1/10001,Default,3/17/2016,2/1/10001,Y
471003IL400,5919,DEKALB - 5919,"1,994,845",N,3/18/2016,2/2/10001,Default,3/18/2016,2/2/10001,Y
471003IL401,5920,DEKALB - 5920,"1,994,846",N,3/19/2016,2/3/10001,Default,3/19/2016,2/3/10001,Y
471003IL402,5921,DEKALB - 5921,"1,994,847",N,3/20/2016,2/4/10001,Default,3/20/2016,2/4/10001,Y
471003IL403,5922,DEKALB - 5922,"1,994,848",N,3/21/2016,2/5/10001,Default,3/21/2016,2/5/10001,Y
471003IL404,5923,DEKALB - 5923,"1,994,849",N,3/22/2016,2/6/10001,Default,3/22/2016,2/6/10001,Y
471003IL405,5924,DEKALB - 5924,"1,994,850",N,3/23/2016,2/7/10001,Default,3/23/2016,2/7/10001,Y
471003IL406,5925,DEKALB - 5925,"1,994,851",N,3/24/2016,2/8/10001,Default,3/24/2016,2/8/10001,Y
471003IL407,5926,DEKALB - 5926,"1,994,852",N,3/25/2016,2/9/10001,Default,3/25/2016,2/9/10001,Y
471003IL408,5927,DEKALB - 5927,"1,994,853",N,3/26/2016,2/10/10001,Default,3/26/2016,2/10/10001,Y
471003IL409,5928,DEKALB - 5928,"1,994,854",N,3/27/2016,2/11/10001,Default,3/27/2016,2/11/10001,Y
471003IL410,5929,DEKALB - 5929,"1,994,855",N,3/28/2016,2/12/10001,Default,3/28/2016,2/12/10001,Y
471003IL411,5930,DEKALB - 5930,"1,994,856",N,3/29/2016,2/13/10001,Default,3/29/2016,2/13/10001,Y
471003IL412,5931,DEKALB - 5931,"1,994,857",N,3/30/2016,2/14/10001,Default,3/30/2016,2/14/10001,Y
471003IL413,5932,DEKALB - 5932,"1,994,858",N,3/31/2016,2/15/10001,Default,3/31/2016,2/15/10001,Y
471003IL414,5933,DEKALB - 5933,"1,994,859",N,4/1/2016,2/16/10001,Default,4/1/2016,2/16/10001,Y
471003IL415,5934,DEKALB - 5934,"1,994,860",N,4/2/2016,2/17/10001,Default,4/2/2016,2/17/10001,Y
471003IL416,5935,DEKALB - 5935,"1,994,861",N,4/3/2016,2/18/10001,Default,4/3/2016,2/18/10001,Y
471003IL417,5936,DEKALB - 5936,"1,994,862",N,4/4/2016,2/19/10001,Default,4/4/2016,2/19/10001,Y
471003IL418,5937,DEKALB - 5937,"1,994,863",N,4/5/2016,2/20/10001,Default,4/5/2016,2/20/10001,Y
471003IL419,5938,DEKALB - 5938,"1,994,864",N,4/6/2016,2/21/10001,Default,4/6/2016,2/21/10001,Y
471003IL420,5939,DEKALB - 5939,"1,994,865",N,4/7/2016,2/22/10001,Default,4/7/2016,2/22/10001,Y
471003IL421,5940,DEKALB - 5940,"1,994,866",N,4/8/2016,2/23/10001,Default,4/8/2016,2/23/10001,Y
471003IL422,5941,DEKALB - 5941,"1,994,867",N,4/9/2016,2/24/10001,Default,4/9/2016,2/24/10001,Y
471003IL423,5942,DEKALB - 5942,"1,994,868",N,4/10/2016,2/25/10001,Default,4/10/2016,2/25/10001,Y
471003IL424,5943,DEKALB - 5943,"1,994,869",N,4/11/2016,2/26/10001,Default,4/11/2016,2/26/10001,Y
471003IL425,5944,DEKALB - 5944,"1,994,870",N,4/12/2016,2/27/10001,Default,4/12/2016,2/27/10001,Y
471003IL426,5945,DEKALB - 5945,"1,994,871",N,4/13/2016,2/28/10001,Default,4/13/2016,2/28/10001,Y
471003IL427,5946,DEKALB - 5946,"1,994,872",N,4/14/2016,3/1/10001,Default,4/14/2016,3/1/10001,Y
471003IL428,5947,DEKALB - 5947,"1,994,873",N,4/15/2016,3/2/10001,Default,4/15/2016,3/2/10001,Y
471003IL429,5948,DEKALB - 5948,"1,994,874",N,4/16/2016,3/3/10001,Default,4/16/2016,3/3/10001,Y
471003IL430,5949,DEKALB - 5949,"1,994,875",N,4/17/2016,3/4/10001,Default,4/17/2016,3/4/10001,Y
471003IL431,5950,DEKALB - 5950,"1,994,876",N,4/18/2016,3/5/10001,Default,4/18/2016,3/5/10001,Y
471003IL432,5951,DEKALB - 5951,"1,994,877",N,4/19/2016,3/6/10001,Default,4/19/2016,3/6/10001,Y
471003IL433,5952,DEKALB - 5952,"1,994,878",N,4/20/2016,3/7/10001,Default,4/20/2016,3/7/10001,Y
471003IL434,5953,DEKALB - 5953,"1,994,879",N,4/21/2016,3/8/10001,Default,4/21/2016,3/8/10001,Y
471003IL435,5954,DEKALB - 5954,"1,994,880",N,4/22/2016,3/9/10001,Default,4/22/2016,3/9/10001,Y
471003IL436,5955,DEKALB - 5955,"1,994,881",N,4/23/2016,3/10/10001,Default,4/23/2016,3/10/10001,Y
471003IL437,5956,DEKALB - 5956,"1,994,882",N,4/24/2016,3/11/10001,Default,4/24/2016,3/11/10001,Y
471003IL438,5957,DEKALB - 5957,"1,994,883",N,4/25/2016,3/12/10001,Default,4/25/2016,3/12/10001,Y
471003IL439,5958,DEKALB - 5958,"1,994,884",N,4/26/2016,3/13/10001,Default,4/26/2016,3/13/10001,Y
471003IL440,5959,DEKALB - 5959,"1,994,885",N,4/27/2016,3/14/10001,Default,4/27/2016,3/14/10001,Y
471003IL441,5960,DEKALB - 5960,"1,994,886",N,4/28/2016,3/15/10001,Default,4/28/2016,3/15/10001,Y
471003IL442,5961,DEKALB - 5961,"1,994,887",N,4/29/2016,3/16/10001,Default,4/29/2016,3/16/10001,Y
471003IL443,5962,DEKALB - 5962,"1,994,888",N,4/30/2016,3/17/10001,Default,4/30/2016,3/17/10001,Y
471003IL444,5963,DEKALB - 5963,"1,994,889",N,5/1/2016,3/18/10001,Default,5/1/2016,3/18/10001,Y
471003IL445,5964,DEKALB - 5964,"1,994,890",N,5/2/2016,3/19/10001,Default,5/2/2016,3/19/10001,Y
471003IL446,5965,DEKALB - 5965,"1,994,891",N,5/3/2016,3/20/10001,Default,5/3/2016,3/20/10001,Y
471003IL447,5966,DEKALB - 5966,"1,994,892",N,5/4/2016,3/21/10001,Default,5/4/2016,3/21/10001,Y
471003IL448,5967,DEKALB - 5967,"1,994,893",N,5/5/2016,3/22/10001,Default,5/5/2016,3/22/10001,Y
471003IL449,5968,DEKALB - 5968,"1,994,894",N,5/6/2016,3/23/10001,Default,5/6/2016,3/23/10001,Y
471003IL450,5969,DEKALB - 5969,"1,994,895",N,5/7/2016,3/24/10001,Default,5/7/2016,3/24/10001,Y
471003IL451,5970,DEKALB - 5970,"1,994,896",N,5/8/2016,3/25/10001,Default,5/8/2016,3/25/10001,Y
471003IL452,5971,DEKALB - 5971,"1,994,897",N,5/9/2016,3/26/10001,Default,5/9/2016,3/26/10001,Y
471003IL453,5972,DEKALB - 5972,"1,994,898",N,5/10/2016,3/27/10001,Default,5/10/2016,3/27/10001,Y
471003IL454,5973,DEKALB - 5973,"1,994,899",N,5/11/2016,3/28/10001,Default,5/11/2016,3/28/10001,Y
471003IL455,5974,DEKALB - 5974,"1,994,900",N,5/12/2016,3/29/10001,Default,5/12/2016,3/29/10001,Y
471003IL456,5975,DEKALB - 5975,"1,994,901",N,5/13/2016,3/30/10001,Default,5/13/2016,3/30/10001,Y
471003IL457,5976,DEKALB - 5976,"1,994,902",N,5/14/2016,3/31/10001,Default,5/14/2016,3/31/10001,Y
471003IL458,5977,DEKALB - 5977,"1,994,903",N,5/15/2016,4/1/10001,Default,5/15/2016,4/1/10001,Y
471003IL459,5978,DEKALB - 5978,"1,994,904",N,5/16/2016,4/2/10001,Default,5/16/2016,4/2/10001,Y
471003IL460,5979,DEKALB - 5979,"1,994,905",N,5/17/2016,4/3/10001,Default,5/17/2016,4/3/10001,Y
471003IL461,5980,DEKALB - 5980,"1,994,906",N,5/18/2016,4/4/10001,Default,5/18/2016,4/4/10001,Y
471003IL462,5981,DEKALB - 5981,"1,994,907",N,5/19/2016,4/5/10001,Default,5/19/2016,4/5/10001,Y
471003IL463,5982,DEKALB - 5982,"1,994,908",N,5/20/2016,4/6/10001,Default,5/20/2016,4/6/10001,Y
471003IL464,5983,DEKALB - 5983,"1,994,909",N,5/21/2016,4/7/10001,Default,5/21/2016,4/7/10001,Y
471003IL465,5984,DEKALB - 5984,"1,994,910",N,5/22/2016,4/8/10001,Default,5/22/2016,4/8/10001,Y
471003IL466,5985,DEKALB - 5985,"1,994,911",N,5/23/2016,4/9/10001,Default,5/23/2016,4/9/10001,Y
471003IL467,5986,DEKALB - 5986,"1,994,912",N,5/24/2016,4/10/10001,Default,5/24/2016,4/10/10001,Y
471003IL468,5987,DEKALB - 5987,"1,994,913",N,5/25/2016,4/11/10001,Default,5/25/2016,4/11/10001,Y
471003IL469,5988,DEKALB - 5988,"1,994,914",N,5/26/2016,4/12/10001,Default,5/26/2016,4/12/10001,Y
471003IL470,5989,DEKALB - 5989,"1,994,915",N,5/27/2016,4/13/10001,Default,5/27/2016,4/13/10001,Y
471003IL471,5990,DEKALB - 5990,"1,994,916",N,5/28/2016,4/14/10001,Default,5/28/2016,4/14/10001,Y
471003IL472,5991,DEKALB - 5991,"1,994,917",N,5/29/2016,4/15/10001,Default,5/29/2016,4/15/10001,Y
471003IL473,5992,DEKALB - 5992,"1,994,918",N,5/30/2016,4/16/10001,Default,5/30/2016,4/16/10001,Y
471003IL474,5993,DEKALB - 5993,"1,994,919",N,5/31/2016,4/17/10001,Default,5/31/2016,4/17/10001,Y
471003IL475,5994,DEKALB - 5994,"1,994,920",N,6/1/2016,4/18/10001,Default,6/1/2016,4/18/10001,Y
471003IL476,5995,DEKALB - 5995,"1,994,921",N,6/2/2016,4/19/10001,Default,6/2/2016,4/19/10001,Y
471003IL477,5996,DEKALB - 5996,"1,994,922",N,6/3/2016,4/20/10001,Default,6/3/2016,4/20/10001,Y
471003IL478,5997,DEKALB - 5997,"1,994,923",N,6/4/2016,4/21/10001,Default,6/4/2016,4/21/10001,Y
471003IL479,5998,DEKALB - 5998,"1,994,924",N,6/5/2016,4/22/10001,Default,6/5/2016,4/22/10001,Y
471003IL480,5999,DEKALB - 5999,"1,994,925",N,6/6/2016,4/23/10001,Default,6/6/2016,4/23/10001,Y
471003IL481,6000,DEKALB - 6000,"1,994,926",N,6/7/2016,4/24/10001,Default,6/7/2016,4/24/10001,Y
471003IL482,6001,DEKALB - 6001,"1,994,927",N,6/8/2016,4/25/10001,Default,6/8/2016,4/25/10001,Y
471003IL483,6002,DEKALB - 6002,"1,994,928",N,6/9/2016,4/26/10001,Default,6/9/2016,4/26/10001,Y
471003IL484,6003,DEKALB - 6003,"1,994,929",N,6/10/2016,4/27/10001,Default,6/10/2016,4/27/10001,Y
471003IL485,6004,DEKALB - 6004,"1,994,930",N,6/11/2016,4/28/10001,Default,6/11/2016,4/28/10001,Y
471003IL486,6005,DEKALB - 6005,"1,994,931",N,6/12/2016,4/29/10001,Default,6/12/2016,4/29/10001,Y
471003IL487,6006,DEKALB - 6006,"1,994,932",N,6/13/2016,4/30/10001,Default,6/13/2016,4/30/10001,Y
471003IL488,6007,DEKALB - 6007,"1,994,933",N,6/14/2016,5/1/10001,Default,6/14/2016,5/1/10001,Y
471003IL489,6008,DEKALB - 6008,"1,994,934",N,6/15/2016,5/2/10001,Default,6/15/2016,5/2/10001,Y
471003IL490,6009,DEKALB - 6009,"1,994,935",N,6/16/2016,5/3/10001,Default,6/16/2016,5/3/10001,Y
471003IL491,6010,DEKALB - 6010,"1,994,936",N,6/17/2016,5/4/10001,Default,6/17/2016,5/4/10001,Y
471003IL492,6011,DEKALB - 6011,"1,994,937",N,6/18/2016,5/5/10001,Default,6/18/2016,5/5/10001,Y
471003IL493,6012,DEKALB - 6012,"1,994,938",N,6/19/2016,5/6/10001,Default,6/19/2016,5/6/10001,Y
471003IL494,6013,DEKALB - 6013,"1,994,939",N,6/20/2016,5/7/10001,Default,6/20/2016,5/7/10001,Y
471003IL495,6014,DEKALB - 6014,"1,994,940",N,6/21/2016,5/8/10001,Default,6/21/2016,5/8/10001,Y
471003IL496,6015,DEKALB - 6015,"1,994,941",N,6/22/2016,5/9/10001,Default,6/22/2016,5/9/10001,Y
471003IL497,6016,DEKALB - 6016,"1,994,942",N,6/23/2016,5/10/10001,Default,6/23/2016,5/10/10001,Y
471003IL498,6017,DEKALB - 6017,"1,994,943",N,6/24/2016,5/11/10001,Default,6/24/2016,5/11/10001,Y
471003IL499,6018,DEKALB - 6018,"1,994,944",N,6/25/2016,5/12/10001,Default,6/25/2016,5/12/10001,Y
471003IL500,6019,DEKALB - 6019,"1,994,945",N,6/26/2016,5/13/10001,Default,6/26/2016,5/13/10001,Y
471003IL501,6020,DEKALB - 6020,"1,994,946",N,6/27/2016,5/14/10001,Default,6/27/2016,5/14/10001,Y
471003IL502,6021,DEKALB - 6021,"1,994,947",N,6/28/2016,5/15/10001,Default,6/28/2016,5/15/10001,Y
471003IL503,6022,DEKALB - 6022,"1,994,948",N,6/29/2016,5/16/10001,Default,6/29/2016,5/16/10001,Y
471003IL504,6023,DEKALB - 6023,"1,994,949",N,6/30/2016,5/17/10001,Default,6/30/2016,5/17/10001,Y
471003IL505,6024,DEKALB - 6024,"1,994,950",N,7/1/2016,5/18/10001,Default,7/1/2016,5/18/10001,Y
471003IL506,6025,DEKALB - 6025,"1,994,951",N,7/2/2016,5/19/10001,Default,7/2/2016,5/19/10001,Y
471003IL507,6026,DEKALB - 6026,"1,994,952",N,7/3/2016,5/20/10001,Default,7/3/2016,5/20/10001,Y
471003IL508,6027,DEKALB - 6027,"1,994,953",N,7/4/2016,5/21/10001,Default,7/4/2016,5/21/10001,Y
471003IL509,6028,DEKALB - 6028,"1,994,954",N,7/5/2016,5/22/10001,Default,7/5/2016,5/22/10001,Y
471003IL510,6029,DEKALB - 6029,"1,994,955",N,7/6/2016,5/23/10001,Default,7/6/2016,5/23/10001,Y
471003IL511,6030,DEKALB - 6030,"1,994,956",N,7/7/2016,5/24/10001,Default,7/7/2016,5/24/10001,Y
471003IL512,6031,DEKALB - 6031,"1,994,957",N,7/8/2016,5/25/10001,Default,7/8/2016,5/25/10001,Y
471003IL513,6032,DEKALB - 6032,"1,994,958",N,7/9/2016,5/26/10001,Default,7/9/2016,5/26/10001,Y
471003IL514,6033,DEKALB - 6033,"1,994,959",N,7/10/2016,5/27/10001,Default,7/10/2016,5/27/10001,Y
471003IL515,6034,DEKALB - 6034,"1,994,960",N,7/11/2016,5/28/10001,Default,7/11/2016,5/28/10001,Y
471003IL516,6035,DEKALB - 6035,"1,994,961",N,7/12/2016,5/29/10001,Default,7/12/2016,5/29/10001,Y
471003IL517,6036,DEKALB - 6036,"1,994,962",N,7/13/2016,5/30/10001,Default,7/13/2016,5/30/10001,Y
471003IL518,6037,DEKALB - 6037,"1,994,963",N,7/14/2016,5/31/10001,Default,7/14/2016,5/31/10001,Y
471003IL519,6038,DEKALB - 6038,"1,994,964",N,7/15/2016,6/1/10001,Default,7/15/2016,6/1/10001,Y
471003IL520,6039,DEKALB - 6039,"1,994,965",N,7/16/2016,6/2/10001,Default,7/16/2016,6/2/10001,Y
471003IL521,6040,DEKALB - 6040,"1,994,966",N,7/17/2016,6/3/10001,Default,7/17/2016,6/3/10001,Y
471003IL522,6041,DEKALB - 6041,"1,994,967",N,7/18/2016,6/4/10001,Default,7/18/2016,6/4/10001,Y
471003IL523,6042,DEKALB - 6042,"1,994,968",N,7/19/2016,6/5/10001,Default,7/19/2016,6/5/10001,Y
471003IL524,6043,DEKALB - 6043,"1,994,969",N,7/20/2016,6/6/10001,Default,7/20/2016,6/6/10001,Y
471003IL525,6044,DEKALB - 6044,"1,994,970",N,7/21/2016,6/7/10001,Default,7/21/2016,6/7/10001,Y
471003IL526,6045,DEKALB - 6045,"1,994,971",N,7/22/2016,6/8/10001,Default,7/22/2016,6/8/10001,Y
471003IL527,6046,DEKALB - 6046,"1,994,972",N,7/23/2016,6/9/10001,Default,7/23/2016,6/9/10001,Y
471003IL528,6047,DEKALB - 6047,"1,994,973",N,7/24/2016,6/10/10001,Default,7/24/2016,6/10/10001,Y
471003IL529,6048,DEKALB - 6048,"1,994,974",N,7/25/2016,6/11/10001,Default,7/25/2016,6/11/10001,Y
471003IL530,6049,DEKALB - 6049,"1,994,975",N,7/26/2016,6/12/10001,Default,7/26/2016,6/12/10001,Y
471003IL531,6050,DEKALB - 6050,"1,994,976",N,7/27/2016,6/13/10001,Default,7/27/2016,6/13/10001,Y
471003IL532,6051,DEKALB - 6051,"1,994,977",N,7/28/2016,6/14/10001,Default,7/28/2016,6/14/10001,Y
471003IL533,6052,DEKALB - 6052,"1,994,978",N,7/29/2016,6/15/10001,Default,7/29/2016,6/15/10001,Y
471003IL534,6053,DEKALB - 6053,"1,994,979",N,7/30/2016,6/16/10001,Default,7/30/2016,6/16/10001,Y
471003IL535,6054,DEKALB - 6054,"1,994,980",N,7/31/2016,6/17/10001,Default,7/31/2016,6/17/10001,Y
471003IL536,6055,DEKALB - 6055,"1,994,981",N,8/1/2016,6/18/10001,Default,8/1/2016,6/18/10001,Y
471003IL537,6056,DEKALB - 6056,"1,994,982",N,8/2/2016,6/19/10001,Default,8/2/2016,6/19/10001,Y
471003IL538,6057,DEKALB - 6057,"1,994,983",N,8/3/2016,6/20/10001,Default,8/3/2016,6/20/10001,Y
471003IL539,6058,DEKALB - 6058,"1,994,984",N,8/4/2016,6/21/10001,Default,8/4/2016,6/21/10001,Y
471003IL540,6059,DEKALB - 6059,"1,994,985",N,8/5/2016,6/22/10001,Default,8/5/2016,6/22/10001,Y
471003IL541,6060,DEKALB - 6060,"1,994,986",N,8/6/2016,6/23/10001,Default,8/6/2016,6/23/10001,Y
471003IL542,6061,DEKALB - 6061,"1,994,987",N,8/7/2016,6/24/10001,Default,8/7/2016,6/24/10001,Y
471003IL543,6062,DEKALB - 6062,"1,994,988",N,8/8/2016,6/25/10001,Default,8/8/2016,6/25/10001,Y
471003IL544,6063,DEKALB - 6063,"1,994,989",N,8/9/2016,6/26/10001,Default,8/9/2016,6/26/10001,Y
471003IL545,6064,DEKALB - 6064,"1,994,990",N,8/10/2016,6/27/10001,Default,8/10/2016,6/27/10001,Y
471003IL546,6065,DEKALB - 6065,"1,994,991",N,8/11/2016,6/28/10001,Default,8/11/2016,6/28/10001,Y
471003IL547,6066,DEKALB - 6066,"1,994,992",N,8/12/2016,6/29/10001,Default,8/12/2016,6/29/10001,Y
471003IL548,6067,DEKALB - 6067,"1,994,993",N,8/13/2016,6/30/10001,Default,8/13/2016,6/30/10001,Y
471003IL549,6068,DEKALB - 6068,"1,994,994",N,8/14/2016,7/1/10001,Default,8/14/2016,7/1/10001,Y
471003IL550,6069,DEKALB - 6069,"1,994,995",N,8/15/2016,7/2/10001,Default,8/15/2016,7/2/10001,Y
471003IL551,6070,DEKALB - 6070,"1,994,996",N,8/16/2016,7/3/10001,Default,8/16/2016,7/3/10001,Y
471003IL552,6071,DEKALB - 6071,"1,994,997",N,8/17/2016,7/4/10001,Default,8/17/2016,7/4/10001,Y
471003IL553,6072,DEKALB - 6072,"1,994,998",N,8/18/2016,7/5/10001,Default,8/18/2016,7/5/10001,Y
471003IL554,6073,DEKALB - 6073,"1,994,999",N,8/19/2016,7/6/10001,Default,8/19/2016,7/6/10001,Y
471003IL555,6074,DEKALB - 6074,"1,995,000",N,8/20/2016,7/7/10001,Default,8/20/2016,7/7/10001,Y
471003IL556,6075,DEKALB - 6075,"1,995,001",N,8/21/2016,7/8/10001,Default,8/21/2016,7/8/10001,Y
471003IL557,6076,DEKALB - 6076,"1,995,002",N,8/22/2016,7/9/10001,Default,8/22/2016,7/9/10001,Y
471003IL558,6077,DEKALB - 6077,"1,995,003",N,8/23/2016,7/10/10001,Default,8/23/2016,7/10/10001,Y
471003IL559,6078,DEKALB - 6078,"1,995,004",N,8/24/2016,7/11/10001,Default,8/24/2016,7/11/10001,Y
471003IL560,6079,DEKALB - 6079,"1,995,005",N,8/25/2016,7/12/10001,Default,8/25/2016,7/12/10001,Y
471003IL561,6080,DEKALB - 6080,"1,995,006",N,8/26/2016,7/13/10001,Default,8/26/2016,7/13/10001,Y
471003IL562,6081,DEKALB - 6081,"1,995,007",N,8/27/2016,7/14/10001,Default,8/27/2016,7/14/10001,Y
471003IL563,6082,DEKALB - 6082,"1,995,008",N,8/28/2016,7/15/10001,Default,8/28/2016,7/15/10001,Y
471003IL564,6083,DEKALB - 6083,"1,995,009",N,8/29/2016,7/16/10001,Default,8/29/2016,7/16/10001,Y
471003IL565,6084,DEKALB - 6084,"1,995,010",N,8/30/2016,7/17/10001,Default,8/30/2016,7/17/10001,Y
471003IL566,6085,DEKALB - 6085,"1,995,011",N,8/31/2016,7/18/10001,Default,8/31/2016,7/18/10001,Y
471003IL567,6086,DEKALB - 6086,"1,995,012",N,9/1/2016,7/19/10001,Default,9/1/2016,7/19/10001,Y
471003IL568,6087,DEKALB - 6087,"1,995,013",N,9/2/2016,7/20/10001,Default,9/2/2016,7/20/10001,Y
471003IL569,6088,DEKALB - 6088,"1,995,014",N,9/3/2016,7/21/10001,Default,9/3/2016,7/21/10001,Y
471003IL570,6089,DEKALB - 6089,"1,995,015",N,9/4/2016,7/22/10001,Default,9/4/2016,7/22/10001,Y
471003IL571,6090,DEKALB - 6090,"1,995,016",N,9/5/2016,7/23/10001,Default,9/5/2016,7/23/10001,Y
471003IL572,6091,DEKALB - 6091,"1,995,017",N,9/6/2016,7/24/10001,Default,9/6/2016,7/24/10001,Y
471003IL573,6092,DEKALB - 6092,"1,995,018",N,9/7/2016,7/25/10001,Default,9/7/2016,7/25/10001,Y
471003IL574,6093,DEKALB - 6093,"1,995,019",N,9/8/2016,7/26/10001,Default,9/8/2016,7/26/10001,Y
471003IL575,6094,DEKALB - 6094,"1,995,020",N,9/9/2016,7/27/10001,Default,9/9/2016,7/27/10001,Y
471003IL576,6095,DEKALB - 6095,"1,995,021",N,9/10/2016,7/28/10001,Default,9/10/2016,7/28/10001,Y
471003IL577,6096,DEKALB - 6096,"1,995,022",N,9/11/2016,7/29/10001,Default,9/11/2016,7/29/10001,Y
471003IL578,6097,DEKALB - 6097,"1,995,023",N,9/12/2016,7/30/10001,Default,9/12/2016,7/30/10001,Y
471003IL579,6098,DEKALB - 6098,"1,995,024",N,9/13/2016,7/31/10001,Default,9/13/2016,7/31/10001,Y
471003IL580,6099,DEKALB - 6099,"1,995,025",N,9/14/2016,8/1/10001,Default,9/14/2016,8/1/10001,Y
471003IL581,6100,DEKALB - 6100,"1,995,026",N,9/15/2016,8/2/10001,Default,9/15/2016,8/2/10001,Y
471003IL582,6101,DEKALB - 6101,"1,995,027",N,9/16/2016,8/3/10001,Default,9/16/2016,8/3/10001,Y
471003IL583,6102,DEKALB - 6102,"1,995,028",N,9/17/2016,8/4/10001,Default,9/17/2016,8/4/10001,Y
471003IL584,6103,DEKALB - 6103,"1,995,029",N,9/18/2016,8/5/10001,Default,9/18/2016,8/5/10001,Y
471003IL585,6104,DEKALB - 6104,"1,995,030",N,9/19/2016,8/6/10001,Default,9/19/2016,8/6/10001,Y
471003IL586,6105,DEKALB - 6105,"1,995,031",N,9/20/2016,8/7/10001,Default,9/20/2016,8/7/10001,Y
471003IL587,6106,DEKALB - 6106,"1,995,032",N,9/21/2016,8/8/10001,Default,9/21/2016,8/8/10001,Y
471003IL588,6107,DEKALB - 6107,"1,995,033",N,9/22/2016,8/9/10001,Default,9/22/2016,8/9/10001,Y
471003IL589,6108,DEKALB - 6108,"1,995,034",N,9/23/2016,8/10/10001,Default,9/23/2016,8/10/10001,Y
471003IL590,6109,DEKALB - 6109,"1,995,035",N,9/24/2016,8/11/10001,Default,9/24/2016,8/11/10001,Y
471003IL591,6110,DEKALB - 6110,"1,995,036",N,9/25/2016,8/12/10001,Default,9/25/2016,8/12/10001,Y
471003IL592,6111,DEKALB - 6111,"1,995,037",N,9/26/2016,8/13/10001,Default,9/26/2016,8/13/10001,Y
471003IL593,6112,DEKALB - 6112,"1,995,038",N,9/27/2016,8/14/10001,Default,9/27/2016,8/14/10001,Y
471003IL594,6113,DEKALB - 6113,"1,995,039",N,9/28/2016,8/15/10001,Default,9/28/2016,8/15/10001,Y
471003IL595,6114,DEKALB - 6114,"1,995,040",N,9/29/2016,8/16/10001,Default,9/29/2016,8/16/10001,Y
471003IL596,6115,DEKALB - 6115,"1,995,041",N,9/30/2016,8/17/10001,Default,9/30/2016,8/17/10001,Y
471003IL597,6116,DEKALB - 6116,"1,995,042",N,10/1/2016,8/18/10001,Default,10/1/2016,8/18/10001,Y
471003IL598,6117,DEKALB - 6117,"1,995,043",N,10/2/2016,8/19/10001,Default,10/2/2016,8/19/10001,Y
471003IL599,6118,DEKALB - 6118,"1,995,044",N,10/3/2016,8/20/10001,Default,10/3/2016,8/20/10001,Y
471003IL600,6119,DEKALB - 6119,"1,995,045",N,10/4/2016,8/21/10001,Default,10/4/2016,8/21/10001,Y
471003IL601,6120,DEKALB - 6120,"1,995,046",N,10/5/2016,8/22/10001,Default,10/5/2016,8/22/10001,Y
471003IL602,6121,DEKALB - 6121,"1,995,047",N,10/6/2016,8/23/10001,Default,10/6/2016,8/23/10001,Y
471003IL603,6122,DEKALB - 6122,"1,995,048",N,10/7/2016,8/24/10001,Default,10/7/2016,8/24/10001,Y
471003IL604,6123,DEKALB - 6123,"1,995,049",N,10/8/2016,8/25/10001,Default,10/8/2016,8/25/10001,Y
471003IL605,6124,DEKALB - 6124,"1,995,050",N,10/9/2016,8/26/10001,Default,10/9/2016,8/26/10001,Y
471003IL606,6125,DEKALB - 6125,"1,995,051",N,10/10/2016,8/27/10001,Default,10/10/2016,8/27/10001,Y
471003IL607,6126,DEKALB - 6126,"1,995,052",N,10/11/2016,8/28/10001,Default,10/11/2016,8/28/10001,Y
471003IL608,6127,DEKALB - 6127,"1,995,053",N,10/12/2016,8/29/10001,Default,10/12/2016,8/29/10001,Y
471003IL609,6128,DEKALB - 6128,"1,995,054",N,10/13/2016,8/30/10001,Default,10/13/2016,8/30/10001,Y
471003IL610,6129,DEKALB - 6129,"1,995,055",N,10/14/2016,8/31/10001,Default,10/14/2016,8/31/10001,Y
471003IL611,6130,DEKALB - 6130,"1,995,056",N,10/15/2016,9/1/10001,Default,10/15/2016,9/1/10001,Y
471003IL612,6131,DEKALB - 6131,"1,995,057",N,10/16/2016,9/2/10001,Default,10/16/2016,9/2/10001,Y
471003IL613,6132,DEKALB - 6132,"1,995,058",N,10/17/2016,9/3/10001,Default,10/17/2016,9/3/10001,Y
471003IL614,6133,DEKALB - 6133,"1,995,059",N,10/18/2016,9/4/10001,Default,10/18/2016,9/4/10001,Y
471003IL615,6134,DEKALB - 6134,"1,995,060",N,10/19/2016,9/5/10001,Default,10/19/2016,9/5/10001,Y
471003IL616,6135,DEKALB - 6135,"1,995,061",N,10/20/2016,9/6/10001,Default,10/20/2016,9/6/10001,Y
471003IL617,6136,DEKALB - 6136,"1,995,062",N,10/21/2016,9/7/10001,Default,10/21/2016,9/7/10001,Y
471003IL618,6137,DEKALB - 6137,"1,995,063",N,10/22/2016,9/8/10001,Default,10/22/2016,9/8/10001,Y
471003IL619,6138,DEKALB - 6138,"1,995,064",N,10/23/2016,9/9/10001,Default,10/23/2016,9/9/10001,Y
471003IL620,6139,DEKALB - 6139,"1,995,065",N,10/24/2016,9/10/10001,Default,10/24/2016,9/10/10001,Y
471003IL621,6140,DEKALB - 6140,"1,995,066",N,10/25/2016,9/11/10001,Default,10/25/2016,9/11/10001,Y
471003IL622,6141,DEKALB - 6141,"1,995,067",N,10/26/2016,9/12/10001,Default,10/26/2016,9/12/10001,Y
471003IL623,6142,DEKALB - 6142,"1,995,068",N,10/27/2016,9/13/10001,Default,10/27/2016,9/13/10001,Y
471003IL624,6143,DEKALB - 6143,"1,995,069",N,10/28/2016,9/14/10001,Default,10/28/2016,9/14/10001,Y
471003IL625,6144,DEKALB - 6144,"1,995,070",N,10/29/2016,9/15/10001,Default,10/29/2016,9/15/10001,Y
471003IL626,6145,DEKALB - 6145,"1,995,071",N,10/30/2016,9/16/10001,Default,10/30/2016,9/16/10001,Y
471003IL627,6146,DEKALB - 6146,"1,995,072",N,10/31/2016,9/17/10001,Default,10/31/2016,9/17/10001,Y
471003IL628,6147,DEKALB - 6147,"1,995,073",N,11/1/2016,9/18/10001,Default,11/1/2016,9/18/10001,Y
471003IL629,6148,DEKALB - 6148,"1,995,074",N,11/2/2016,9/19/10001,Default,11/2/2016,9/19/10001,Y
471003IL630,6149,DEKALB - 6149,"1,995,075",N,11/3/2016,9/20/10001,Default,11/3/2016,9/20/10001,Y
471003IL631,6150,DEKALB - 6150,"1,995,076",N,11/4/2016,9/21/10001,Default,11/4/2016,9/21/10001,Y
471003IL632,6151,DEKALB - 6151,"1,995,077",N,11/5/2016,9/22/10001,Default,11/5/2016,9/22/10001,Y
471003IL633,6152,DEKALB - 6152,"1,995,078",N,11/6/2016,9/23/10001,Default,11/6/2016,9/23/10001,Y
471003IL634,6153,DEKALB - 6153,"1,995,079",N,11/7/2016,9/24/10001,Default,11/7/2016,9/24/10001,Y
471003IL635,6154,DEKALB - 6154,"1,995,080",N,11/8/2016,9/25/10001,Default,11/8/2016,9/25/10001,Y
471003IL636,6155,DEKALB - 6155,"1,995,081",N,11/9/2016,9/26/10001,Default,11/9/2016,9/26/10001,Y
471003IL637,6156,DEKALB - 6156,"1,995,082",N,11/10/2016,9/27/10001,Default,11/10/2016,9/27/10001,Y
471003IL638,6157,DEKALB - 6157,"1,995,083",N,11/11/2016,9/28/10001,Default,11/11/2016,9/28/10001,Y
471003IL639,6158,DEKALB - 6158,"1,995,084",N,11/12/2016,9/29/10001,Default,11/12/2016,9/29/10001,Y
471003IL640,6159,DEKALB - 6159,"1,995,085",N,11/13/2016,9/30/10001,Default,11/13/2016,9/30/10001,Y
471003IL641,6160,DEKALB - 6160,"1,995,086",N,11/14/2016,10/1/10001,Default,11/14/2016,10/1/10001,Y
471003IL642,6161,DEKALB - 6161,"1,995,087",N,11/15/2016,10/2/10001,Default,11/15/2016,10/2/10001,Y
471003IL643,6162,DEKALB - 6162,"1,995,088",N,11/16/2016,10/3/10001,Default,11/16/2016,10/3/10001,Y
471003IL644,6163,DEKALB - 6163,"1,995,089",N,11/17/2016,10/4/10001,Default,11/17/2016,10/4/10001,Y
471003IL645,6164,DEKALB - 6164,"1,995,090",N,11/18/2016,10/5/10001,Default,11/18/2016,10/5/10001,Y
471003IL646,6165,DEKALB - 6165,"1,995,091",N,11/19/2016,10/6/10001,Default,11/19/2016,10/6/10001,Y
471003IL647,6166,DEKALB - 6166,"1,995,092",N,11/20/2016,10/7/10001,Default,11/20/2016,10/7/10001,Y
471003IL648,6167,DEKALB - 6167,"1,995,093",N,11/21/2016,10/8/10001,Default,11/21/2016,10/8/10001,Y
471003IL649,6168,DEKALB - 6168,"1,995,094",N,11/22/2016,10/9/10001,Default,11/22/2016,10/9/10001,Y
471003IL650,6169,DEKALB - 6169,"1,995,095",N,11/23/2016,10/10/10001,Default,11/23/2016,10/10/10001,Y
471003IL651,6170,DEKALB - 6170,"1,995,096",N,11/24/2016,10/11/10001,Default,11/24/2016,10/11/10001,Y
471003IL652,6171,DEKALB - 6171,"1,995,097",N,11/25/2016,10/12/10001,Default,11/25/2016,10/12/10001,Y
471003IL653,6172,DEKALB - 6172,"1,995,098",N,11/26/2016,10/13/10001,Default,11/26/2016,10/13/10001,Y
471003IL654,6173,DEKALB - 6173,"1,995,099",N,11/27/2016,10/14/10001,Default,11/27/2016,10/14/10001,Y
471003IL655,6174,DEKALB - 6174,"1,995,100",N,11/28/2016,10/15/10001,Default,11/28/2016,10/15/10001,Y
471003IL656,6175,DEKALB - 6175,"1,995,101",N,11/29/2016,10/16/10001,Default,11/29/2016,10/16/10001,Y
471003IL657,6176,DEKALB - 6176,"1,995,102",N,11/30/2016,10/17/10001,Default,11/30/2016,10/17/10001,Y
471003IL658,6177,DEKALB - 6177,"1,995,103",N,12/1/2016,10/18/10001,Default,12/1/2016,10/18/10001,Y
471003IL659,6178,DEKALB - 6178,"1,995,104",N,12/2/2016,10/19/10001,Default,12/2/2016,10/19/10001,Y
471003IL660,6179,DEKALB - 6179,"1,995,105",N,12/3/2016,10/20/10001,Default,12/3/2016,10/20/10001,Y
471003IL661,6180,DEKALB - 6180,"1,995,106",N,12/4/2016,10/21/10001,Default,12/4/2016,10/21/10001,Y
471003IL662,6181,DEKALB - 6181,"1,995,107",N,12/5/2016,10/22/10001,Default,12/5/2016,10/22/10001,Y
471003IL663,6182,DEKALB - 6182,"1,995,108",N,12/6/2016,10/23/10001,Default,12/6/2016,10/23/10001,Y
471003IL664,6183,DEKALB - 6183,"1,995,109",N,12/7/2016,10/24/10001,Default,12/7/2016,10/24/10001,Y
471003IL665,6184,DEKALB - 6184,"1,995,110",N,12/8/2016,10/25/10001,Default,12/8/2016,10/25/10001,Y
471003IL666,6185,DEKALB - 6185,"1,995,111",N,12/9/2016,10/26/10001,Default,12/9/2016,10/26/10001,Y
471003IL667,6186,DEKALB - 6186,"1,995,112",N,12/10/2016,10/27/10001,Default,12/10/2016,10/27/10001,Y
471003IL668,6187,DEKALB - 6187,"1,995,113",N,12/11/2016,10/28/10001,Default,12/11/2016,10/28/10001,Y
471003IL669,6188,DEKALB - 6188,"1,995,114",N,12/12/2016,10/29/10001,Default,12/12/2016,10/29/10001,Y
471003IL670,6189,DEKALB - 6189,"1,995,115",N,12/13/2016,10/30/10001,Default,12/13/2016,10/30/10001,Y
471003IL671,6190,DEKALB - 6190,"1,995,116",N,12/14/2016,10/31/10001,Default,12/14/2016,10/31/10001,Y
471003IL672,6191,DEKALB - 6191,"1,995,117",N,12/15/2016,11/1/10001,Default,12/15/2016,11/1/10001,Y
471003IL673,6192,DEKALB - 6192,"1,995,118",N,12/16/2016,11/2/10001,Default,12/16/2016,11/2/10001,Y
471003IL674,6193,DEKALB - 6193,"1,995,119",N,12/17/2016,11/3/10001,Default,12/17/2016,11/3/10001,Y
471003IL675,6194,DEKALB - 6194,"1,995,120",N,12/18/2016,11/4/10001,Default,12/18/2016,11/4/10001,Y
471003IL676,6195,DEKALB - 6195,"1,995,121",N,12/19/2016,11/5/10001,Default,12/19/2016,11/5/10001,Y
471003IL677,6196,DEKALB - 6196,"1,995,122",N,12/20/2016,11/6/10001,Default,12/20/2016,11/6/10001,Y
471003IL678,6197,DEKALB - 6197,"1,995,123",N,12/21/2016,11/7/10001,Default,12/21/2016,11/7/10001,Y
471003IL679,6198,DEKALB - 6198,"1,995,124",N,12/22/2016,11/8/10001,Default,12/22/2016,11/8/10001,Y
471003IL680,6199,DEKALB - 6199,"1,995,125",N,12/23/2016,11/9/10001,Default,12/23/2016,11/9/10001,Y
471003IL681,6200,DEKALB - 6200,"1,995,126",N,12/24/2016,11/10/10001,Default,12/24/2016,11/10/10001,Y
471003IL682,6201,DEKALB - 6201,"1,995,127",N,12/25/2016,11/11/10001,Default,12/25/2016,11/11/10001,Y
471003IL683,6202,DEKALB - 6202,"1,995,128",N,12/26/2016,11/12/10001,Default,12/26/2016,11/12/10001,Y
471003IL684,6203,DEKALB - 6203,"1,995,129",N,12/27/2016,11/13/10001,Default,12/27/2016,11/13/10001,Y
471003IL685,6204,DEKALB - 6204,"1,995,130",N,12/28/2016,11/14/10001,Default,12/28/2016,11/14/10001,Y
471003IL686,6205,DEKALB - 6205,"1,995,131",N,12/29/2016,11/15/10001,Default,12/29/2016,11/15/10001,Y
471003IL687,6206,DEKALB - 6206,"1,995,132",N,12/30/2016,11/16/10001,Default,12/30/2016,11/16/10001,Y
471003IL688,6207,DEKALB - 6207,"1,995,133",N,12/31/2016,11/17/10001,Default,12/31/2016,11/17/10001,Y
471003IL689,6208,DEKALB - 6208,"1,995,134",N,1/1/2017,11/18/10001,Default,1/1/2017,11/18/10001,Y
471003IL690,6209,DEKALB - 6209,"1,995,135",N,1/2/2017,11/19/10001,Default,1/2/2017,11/19/10001,Y
471003IL691,6210,DEKALB - 6210,"1,995,136",N,1/3/2017,11/20/10001,Default,1/3/2017,11/20/10001,Y
471003IL692,6211,DEKALB - 6211,"1,995,137",N,1/4/2017,11/21/10001,Default,1/4/2017,11/21/10001,Y
471003IL693,6212,DEKALB - 6212,"1,995,138",N,1/5/2017,11/22/10001,Default,1/5/2017,11/22/10001,Y
471003IL694,6213,DEKALB - 6213,"1,995,139",N,1/6/2017,11/23/10001,Default,1/6/2017,11/23/10001,Y
471003IL695,6214,DEKALB - 6214,"1,995,140",N,1/7/2017,11/24/10001,Default,1/7/2017,11/24/10001,Y
471003IL696,6215,DEKALB - 6215,"1,995,141",N,1/8/2017,11/25/10001,Default,1/8/2017,11/25/10001,Y
471003IL697,6216,DEKALB - 6216,"1,995,142",N,1/9/2017,11/26/10001,Default,1/9/2017,11/26/10001,Y
471003IL698,6217,DEKALB - 6217,"1,995,143",N,1/10/2017,11/27/10001,Default,1/10/2017,11/27/10001,Y
471003IL699,6218,DEKALB - 6218,"1,995,144",N,1/11/2017,11/28/10001,Default,1/11/2017,11/28/10001,Y
471003IL700,6219,DEKALB - 6219,"1,995,145",N,1/12/2017,11/29/10001,Default,1/12/2017,11/29/10001,Y
471003IL701,6220,DEKALB - 6220,"1,995,146",N,1/13/2017,11/30/10001,Default,1/13/2017,11/30/10001,Y
471003IL702,6221,DEKALB - 6221,"1,995,147",N,1/14/2017,12/1/10001,Default,1/14/2017,12/1/10001,Y
471003IL703,6222,DEKALB - 6222,"1,995,148",N,1/15/2017,12/2/10001,Default,1/15/2017,12/2/10001,Y
471003IL704,6223,DEKALB - 6223,"1,995,149",N,1/16/2017,12/3/10001,Default,1/16/2017,12/3/10001,Y
471003IL705,6224,DEKALB - 6224,"1,995,150",N,1/17/2017,12/4/10001,Default,1/17/2017,12/4/10001,Y
471003IL706,6225,DEKALB - 6225,"1,995,151",N,1/18/2017,12/5/10001,Default,1/18/2017,12/5/10001,Y
471003IL707,6226,DEKALB - 6226,"1,995,152",N,1/19/2017,12/6/10001,Default,1/19/2017,12/6/10001,Y
471003IL708,6227,DEKALB - 6227,"1,995,153",N,1/20/2017,12/7/10001,Default,1/20/2017,12/7/10001,Y
471003IL709,6228,DEKALB - 6228,"1,995,154",N,1/21/2017,12/8/10001,Default,1/21/2017,12/8/10001,Y
471003IL710,6229,DEKALB - 6229,"1,995,155",N,1/22/2017,12/9/10001,Default,1/22/2017,12/9/10001,Y
471003IL711,6230,DEKALB - 6230,"1,995,156",N,1/23/2017,12/10/10001,Default,1/23/2017,12/10/10001,Y
471003IL712,6231,DEKALB - 6231,"1,995,157",N,1/24/2017,12/11/10001,Default,1/24/2017,12/11/10001,Y
471003IL713,6232,DEKALB - 6232,"1,995,158",N,1/25/2017,12/12/10001,Default,1/25/2017,12/12/10001,Y
471003IL714,6233,DEKALB - 6233,"1,995,159",N,1/26/2017,12/13/10001,Default,1/26/2017,12/13/10001,Y
471003IL715,6234,DEKALB - 6234,"1,995,160",N,1/27/2017,12/14/10001,Default,1/27/2017,12/14/10001,Y
471003IL716,6235,DEKALB - 6235,"1,995,161",N,1/28/2017,12/15/10001,Default,1/28/2017,12/15/10001,Y
471003IL717,6236,DEKALB - 6236,"1,995,162",N,1/29/2017,12/16/10001,Default,1/29/2017,12/16/10001,Y
471003IL718,6237,DEKALB - 6237,"1,995,163",N,1/30/2017,12/17/10001,Default,1/30/2017,12/17/10001,Y
471003IL719,6238,DEKALB - 6238,"1,995,164",N,1/31/2017,12/18/10001,Default,1/31/2017,12/18/10001,Y
471003IL720,6239,DEKALB - 6239,"1,995,165",N,2/1/2017,12/19/10001,Default,2/1/2017,12/19/10001,Y
471003IL721,6240,DEKALB - 6240,"1,995,166",N,2/2/2017,12/20/10001,Default,2/2/2017,12/20/10001,Y
471003IL722,6241,DEKALB - 6241,"1,995,167",N,2/3/2017,12/21/10001,Default,2/3/2017,12/21/10001,Y
471003IL723,6242,DEKALB - 6242,"1,995,168",N,2/4/2017,12/22/10001,Default,2/4/2017,12/22/10001,Y
471003IL724,6243,DEKALB - 6243,"1,995,169",N,2/5/2017,12/23/10001,Default,2/5/2017,12/23/10001,Y
471003IL725,6244,DEKALB - 6244,"1,995,170",N,2/6/2017,12/24/10001,Default,2/6/2017,12/24/10001,Y
471003IL726,6245,DEKALB - 6245,"1,995,171",N,2/7/2017,12/25/10001,Default,2/7/2017,12/25/10001,Y
471003IL727,6246,DEKALB - 6246,"1,995,172",N,2/8/2017,12/26/10001,Default,2/8/2017,12/26/10001,Y
471003IL728,6247,DEKALB - 6247,"1,995,173",N,2/9/2017,12/27/10001,Default,2/9/2017,12/27/10001,Y
471003IL729,6248,DEKALB - 6248,"1,995,174",N,2/10/2017,12/28/10001,Default,2/10/2017,12/28/10001,Y
471003IL730,6249,DEKALB - 6249,"1,995,175",N,2/11/2017,12/29/10001,Default,2/11/2017,12/29/10001,Y
471003IL731,6250,DEKALB - 6250,"1,995,176",Y,2/12/2017,12/30/10001,Default,2/12/2017,12/30/10001,Y
471003IL732,6251,DEKALB - 6251,"1,995,177",Y,2/13/2017,12/31/10001,Default,2/13/2017,12/31/10001,Y
471003IL733,6252,DEKALB - 6252,"1,995,178",Y,2/14/2017,1/1/10002,Default,2/14/2017,1/1/10002,Y
471003IL734,6253,DEKALB - 6253,"1,995,179",Y,2/15/2017,1/2/10002,Default,2/15/2017,1/2/10002,Y
471003IL735,6254,DEKALB - 6254,"1,995,180",Y,2/16/2017,1/3/10002,Default,2/16/2017,1/3/10002,Y
471003IL736,6255,DEKALB - 6255,"1,995,181",Y,2/17/2017,1/4/10002,Default,2/17/2017,1/4/10002,Y
471003IL737,6256,DEKALB - 6256,"1,995,182",Y,2/18/2017,1/5/10002,Default,2/18/2017,1/5/10002,Y
471003IL738,6257,DEKALB - 6257,"1,995,183",Y,2/19/2017,1/6/10002,Default,2/19/2017,1/6/10002,Y
471003IL739,6258,DEKALB - 6258,"1,995,184",Y,2/20/2017,1/7/10002,Default,2/20/2017,1/7/10002,Y
471003IL740,6259,DEKALB - 6259,"1,995,185",Y,2/21/2017,1/8/10002,Default,2/21/2017,1/8/10002,Y
471003IL741,6260,DEKALB - 6260,"1,995,186",Y,2/22/2017,1/9/10002,Default,2/22/2017,1/9/10002,Y
471003IL742,6261,DEKALB - 6261,"1,995,187",Y,2/23/2017,1/10/10002,Default,2/23/2017,1/10/10002,Y
471003IL743,6262,DEKALB - 6262,"1,995,188",Y,2/24/2017,1/11/10002,Default,2/24/2017,1/11/10002,Y
471003IL744,6263,DEKALB - 6263,"1,995,189",Y,2/25/2017,1/12/10002,Default,2/25/2017,1/12/10002,Y
471003IL745,6264,DEKALB - 6264,"1,995,190",Y,2/26/2017,1/13/10002,Default,2/26/2017,1/13/10002,Y
471003IL746,6265,DEKALB - 6265,"1,995,191",Y,2/27/2017,1/14/10002,Default,2/27/2017,1/14/10002,Y
471003IL747,6266,DEKALB - 6266,"1,995,192",Y,2/28/2017,1/15/10002,Default,2/28/2017,1/15/10002,Y
471003IL748,6267,DEKALB - 6267,"1,995,193",Y,3/1/2017,1/16/10002,Default,3/1/2017,1/16/10002,Y
471003IL749,6268,DEKALB - 6268,"1,995,194",Y,3/2/2017,1/17/10002,Default,3/2/2017,1/17/10002,Y
471003IL750,6269,DEKALB - 6269,"1,995,195",Y,3/3/2017,1/18/10002,Default,3/3/2017,1/18/10002,Y
471003IL751,6270,DEKALB - 6270,"1,995,196",Y,3/4/2017,1/19/10002,Default,3/4/2017,1/19/10002,Y
471003IL752,6271,DEKALB - 6271,"1,995,197",Y,3/5/2017,1/20/10002,Default,3/5/2017,1/20/10002,Y
471003IL753,6272,DEKALB - 6272,"1,995,198",Y,3/6/2017,1/21/10002,Default,3/6/2017,1/21/10002,Y
471003IL754,6273,DEKALB - 6273,"1,995,199",Y,3/7/2017,1/22/10002,Default,3/7/2017,1/22/10002,Y
471003IL755,6274,DEKALB - 6274,"1,995,200",Y,3/8/2017,1/23/10002,Default,3/8/2017,1/23/10002,Y
471003IL756,6275,DEKALB - 6275,"1,995,201",Y,3/9/2017,1/24/10002,Default,3/9/2017,1/24/10002,Y
471003IL757,6276,DEKALB - 6276,"1,995,202",Y,3/10/2017,1/25/10002,Default,3/10/2017,1/25/10002,Y
471003IL758,6277,DEKALB - 6277,"1,995,203",Y,3/11/2017,1/26/10002,Default,3/11/2017,1/26/10002,Y
471003IL759,6278,DEKALB - 6278,"1,995,204",Y,3/12/2017,1/27/10002,Default,3/12/2017,1/27/10002,Y
471003IL760,6279,DEKALB - 6279,"1,995,205",Y,3/13/2017,1/28/10002,Default,3/13/2017,1/28/10002,Y
471003IL761,6280,DEKALB - 6280,"1,995,206",Y,3/14/2017,1/29/10002,Default,3/14/2017,1/29/10002,Y
471003IL762,6281,DEKALB - 6281,"1,995,207",Y,3/15/2017,1/30/10002,Default,3/15/2017,1/30/10002,Y
471003IL763,6282,DEKALB - 6282,"1,995,208",Y,3/16/2017,1/31/10002,Default,3/16/2017,1/31/10002,Y
471003IL764,6283,DEKALB - 6283,"1,995,209",Y,3/17/2017,2/1/10002,Default,3/17/2017,2/1/10002,Y
471003IL765,6284,DEKALB - 6284,"1,995,210",Y,3/18/2017,2/2/10002,Default,3/18/2017,2/2/10002,Y
471003IL766,6285,DEKALB - 6285,"1,995,211",Y,3/19/2017,2/3/10002,Default,3/19/2017,2/3/10002,Y
471003IL767,6286,DEKALB - 6286,"1,995,212",Y,3/20/2017,2/4/10002,Default,3/20/2017,2/4/10002,Y
471003IL768,6287,DEKALB - 6287,"1,995,213",Y,3/21/2017,2/5/10002,Default,3/21/2017,2/5/10002,Y
471003IL769,6288,DEKALB - 6288,"1,995,214",Y,3/22/2017,2/6/10002,Default,3/22/2017,2/6/10002,Y
471003IL770,6289,DEKALB - 6289,"1,995,215",Y,3/23/2017,2/7/10002,Default,3/23/2017,2/7/10002,Y
471003IL771,6290,DEKALB - 6290,"1,995,216",Y,3/24/2017,2/8/10002,Default,3/24/2017,2/8/10002,Y
471003IL772,6291,DEKALB - 6291,"1,995,217",Y,3/25/2017,2/9/10002,Default,3/25/2017,2/9/10002,Y
471003IL773,6292,DEKALB - 6292,"1,995,218",Y,3/26/2017,2/10/10002,Default,3/26/2017,2/10/10002,Y
471003IL774,6293,DEKALB - 6293,"1,995,219",Y,3/27/2017,2/11/10002,Default,3/27/2017,2/11/10002,Y
471003IL775,6294,DEKALB - 6294,"1,995,220",Y,3/28/2017,2/12/10002,Default,3/28/2017,2/12/10002,Y
471003IL776,6295,DEKALB - 6295,"1,995,221",Y,3/29/2017,2/13/10002,Default,3/29/2017,2/13/10002,Y
471003IL777,6296,DEKALB - 6296,"1,995,222",Y,3/30/2017,2/14/10002,Default,3/30/2017,2/14/10002,Y
471003IL778,6297,DEKALB - 6297,"1,995,223",Y,3/31/2017,2/15/10002,Default,3/31/2017,2/15/10002,Y
471003IL779,6298,DEKALB - 6298,"1,995,224",Y,4/1/2017,2/16/10002,Default,4/1/2017,2/16/10002,Y
471003IL780,6299,DEKALB - 6299,"1,995,225",Y,4/2/2017,2/17/10002,Default,4/2/2017,2/17/10002,Y
471003IL781,6300,DEKALB - 6300,"1,995,226",Y,4/3/2017,2/18/10002,Default,4/3/2017,2/18/10002,Y
471003IL782,6301,DEKALB - 6301,"1,995,227",Y,4/4/2017,2/19/10002,Default,4/4/2017,2/19/10002,Y
471003IL783,6302,DEKALB - 6302,"1,995,228",Y,4/5/2017,2/20/10002,Default,4/5/2017,2/20/10002,Y
471003IL784,6303,DEKALB - 6303,"1,995,229",Y,4/6/2017,2/21/10002,Default,4/6/2017,2/21/10002,Y
471003IL785,6304,DEKALB - 6304,"1,995,230",Y,4/7/2017,2/22/10002,Default,4/7/2017,2/22/10002,Y
471003IL786,6305,DEKALB - 6305,"1,995,231",Y,4/8/2017,2/23/10002,Default,4/8/2017,2/23/10002,Y
471003IL787,6306,DEKALB - 6306,"1,995,232",Y,4/9/2017,2/24/10002,Default,4/9/2017,2/24/10002,Y
471003IL788,6307,DEKALB - 6307,"1,995,233",Y,4/10/2017,2/25/10002,Default,4/10/2017,2/25/10002,Y
471003IL789,6308,DEKALB - 6308,"1,995,234",Y,4/11/2017,2/26/10002,Default,4/11/2017,2/26/10002,Y
471003IL790,6309,DEKALB - 6309,"1,995,235",Y,4/12/2017,2/27/10002,Default,4/12/2017,2/27/10002,Y
471003IL791,6310,DEKALB - 6310,"1,995,236",Y,4/13/2017,2/28/10002,Default,4/13/2017,2/28/10002,Y
471003IL792,6311,DEKALB - 6311,"1,995,237",Y,4/14/2017,3/1/10002,Default,4/14/2017,3/1/10002,Y
471003IL793,6312,DEKALB - 6312,"1,995,238",Y,4/15/2017,3/2/10002,Default,4/15/2017,3/2/10002,Y
471003IL794,6313,DEKALB - 6313,"1,995,239",Y,4/16/2017,3/3/10002,Default,4/16/2017,3/3/10002,Y
471003IL795,6314,DEKALB - 6314,"1,995,240",Y,4/17/2017,3/4/10002,Default,4/17/2017,3/4/10002,Y
471003IL796,6315,DEKALB - 6315,"1,995,241",Y,4/18/2017,3/5/10002,Default,4/18/2017,3/5/10002,Y
471003IL797,6316,DEKALB - 6316,"1,995,242",Y,4/19/2017,3/6/10002,Default,4/19/2017,3/6/10002,Y
471003IL798,6317,DEKALB - 6317,"1,995,243",Y,4/20/2017,3/7/10002,Default,4/20/2017,3/7/10002,Y
471003IL799,6318,DEKALB - 6318,"1,995,244",Y,4/21/2017,3/8/10002,Default,4/21/2017,3/8/10002,Y
471003IL800,6319,DEKALB - 6319,"1,995,245",Y,4/22/2017,3/9/10002,Default,4/22/2017,3/9/10002,Y
471003IL801,6320,DEKALB - 6320,"1,995,246",Y,4/23/2017,3/10/10002,Default,4/23/2017,3/10/10002,Y
471003IL802,6321,DEKALB - 6321,"1,995,247",Y,4/24/2017,3/11/10002,Default,4/24/2017,3/11/10002,Y
471003IL803,6322,DEKALB - 6322,"1,995,248",Y,4/25/2017,3/12/10002,Default,4/25/2017,3/12/10002,Y
471003IL804,6323,DEKALB - 6323,"1,995,249",Y,4/26/2017,3/13/10002,Default,4/26/2017,3/13/10002,Y
471003IL805,6324,DEKALB - 6324,"1,995,250",Y,4/27/2017,3/14/10002,Default,4/27/2017,3/14/10002,Y
471003IL806,6325,DEKALB - 6325,"1,995,251",Y,4/28/2017,3/15/10002,Default,4/28/2017,3/15/10002,Y
471003IL807,6326,DEKALB - 6326,"1,995,252",Y,4/29/2017,3/16/10002,Default,4/29/2017,3/16/10002,Y
471003IL808,6327,DEKALB - 6327,"1,995,253",Y,4/30/2017,3/17/10002,Default,4/30/2017,3/17/10002,Y
471003IL809,6328,DEKALB - 6328,"1,995,254",Y,5/1/2017,3/18/10002,Default,5/1/2017,3/18/10002,Y
471003IL810,6329,DEKALB - 6329,"1,995,255",Y,5/2/2017,3/19/10002,Default,5/2/2017,3/19/10002,Y
471003IL811,6330,DEKALB - 6330,"1,995,256",Y,5/3/2017,3/20/10002,Default,5/3/2017,3/20/10002,Y
471003IL812,6331,DEKALB - 6331,"1,995,257",Y,5/4/2017,3/21/10002,Default,5/4/2017,3/21/10002,Y
471003IL813,6332,DEKALB - 6332,"1,995,258",Y,5/5/2017,3/22/10002,Default,5/5/2017,3/22/10002,Y
471003IL814,6333,DEKALB - 6333,"1,995,259",Y,5/6/2017,3/23/10002,Default,5/6/2017,3/23/10002,Y
471003IL815,6334,DEKALB - 6334,"1,995,260",Y,5/7/2017,3/24/10002,Default,5/7/2017,3/24/10002,Y
471003IL816,6335,DEKALB - 6335,"1,995,261",Y,5/8/2017,3/25/10002,Default,5/8/2017,3/25/10002,Y
471003IL817,6336,DEKALB - 6336,"1,995,262",Y,5/9/2017,3/26/10002,Default,5/9/2017,3/26/10002,Y
471003IL818,6337,DEKALB - 6337,"1,995,263",Y,5/10/2017,3/27/10002,Default,5/10/2017,3/27/10002,Y
471003IL819,6338,DEKALB - 6338,"1,995,264",Y,5/11/2017,3/28/10002,Default,5/11/2017,3/28/10002,Y
471003IL820,6339,DEKALB - 6339,"1,995,265",Y,5/12/2017,3/29/10002,Default,5/12/2017,3/29/10002,Y
471003IL821,6340,DEKALB - 6340,"1,995,266",Y,5/13/2017,3/30/10002,Default,5/13/2017,3/30/10002,Y
471003IL822,6341,DEKALB - 6341,"1,995,267",Y,5/14/2017,3/31/10002,Default,5/14/2017,3/31/10002,Y
471003IL823,6342,DEKALB - 6342,"1,995,268",Y,5/15/2017,4/1/10002,Default,5/15/2017,4/1/10002,Y
471003IL824,6343,DEKALB - 6343,"1,995,269",Y,5/16/2017,4/2/10002,Default,5/16/2017,4/2/10002,Y
471003IL825,6344,DEKALB - 6344,"1,995,270",Y,5/17/2017,4/3/10002,Default,5/17/2017,4/3/10002,Y
471003IL826,6345,DEKALB - 6345,"1,995,271",Y,5/18/2017,4/4/10002,Default,5/18/2017,4/4/10002,Y
471003IL827,6346,DEKALB - 6346,"1,995,272",Y,5/19/2017,4/5/10002,Default,5/19/2017,4/5/10002,Y
471003IL828,6347,DEKALB - 6347,"1,995,273",Y,5/20/2017,4/6/10002,Default,5/20/2017,4/6/10002,Y
471003IL829,6348,DEKALB - 6348,"1,995,274",Y,5/21/2017,4/7/10002,Default,5/21/2017,4/7/10002,Y
471003IL830,6349,DEKALB - 6349,"1,995,275",Y,5/22/2017,4/8/10002,Default,5/22/2017,4/8/10002,Y
471003IL831,6350,DEKALB - 6350,"1,995,276",Y,5/23/2017,4/9/10002,Default,5/23/2017,4/9/10002,Y
471003IL832,6351,DEKALB - 6351,"1,995,277",Y,5/24/2017,4/10/10002,Default,5/24/2017,4/10/10002,Y
471003IL833,6352,DEKALB - 6352,"1,995,278",Y,5/25/2017,4/11/10002,Default,5/25/2017,4/11/10002,Y
471003IL834,6353,DEKALB - 6353,"1,995,279",Y,5/26/2017,4/12/10002,Default,5/26/2017,4/12/10002,Y
471003IL835,6354,DEKALB - 6354,"1,995,280",Y,5/27/2017,4/13/10002,Default,5/27/2017,4/13/10002,Y
471003IL836,6355,DEKALB - 6355,"1,995,281",Y,5/28/2017,4/14/10002,Default,5/28/2017,4/14/10002,Y
471003IL837,6356,DEKALB - 6356,"1,995,282",Y,5/29/2017,4/15/10002,Default,5/29/2017,4/15/10002,Y
471003IL838,6357,DEKALB - 6357,"1,995,283",Y,5/30/2017,4/16/10002,Default,5/30/2017,4/16/10002,Y
471003IL839,6358,DEKALB - 6358,"1,995,284",Y,5/31/2017,4/17/10002,Default,5/31/2017,4/17/10002,Y
471003IL840,6359,DEKALB - 6359,"1,995,285",Y,6/1/2017,4/18/10002,Default,6/1/2017,4/18/10002,Y
471003IL841,6360,DEKALB - 6360,"1,995,286",Y,6/2/2017,4/19/10002,Default,6/2/2017,4/19/10002,Y
471003IL842,6361,DEKALB - 6361,"1,995,287",Y,6/3/2017,4/20/10002,Default,6/3/2017,4/20/10002,Y
471003IL843,6362,DEKALB - 6362,"1,995,288",Y,6/4/2017,4/21/10002,Default,6/4/2017,4/21/10002,Y
471003IL844,6363,DEKALB - 6363,"1,995,289",Y,6/5/2017,4/22/10002,Default,6/5/2017,4/22/10002,Y
471003IL845,6364,DEKALB - 6364,"1,995,290",Y,6/6/2017,4/23/10002,Default,6/6/2017,4/23/10002,Y
471003IL846,6365,DEKALB - 6365,"1,995,291",Y,6/7/2017,4/24/10002,Default,6/7/2017,4/24/10002,Y
471003IL847,6366,DEKALB - 6366,"1,995,292",Y,6/8/2017,4/25/10002,Default,6/8/2017,4/25/10002,Y
471003IL848,6367,DEKALB - 6367,"1,995,293",Y,6/9/2017,4/26/10002,Default,6/9/2017,4/26/10002,Y
471003IL849,6368,DEKALB - 6368,"1,995,294",Y,6/10/2017,4/27/10002,Default,6/10/2017,4/27/10002,Y
471003IL850,6369,DEKALB - 6369,"1,995,295",Y,6/11/2017,4/28/10002,Default,6/11/2017,4/28/10002,Y
471003IL851,6370,DEKALB - 6370,"1,995,296",Y,6/12/2017,4/29/10002,Default,6/12/2017,4/29/10002,Y
471003IL852,6371,DEKALB - 6371,"1,995,297",Y,6/13/2017,4/30/10002,Default,6/13/2017,4/30/10002,Y
471003IL853,6372,DEKALB - 6372,"1,995,298",Y,6/14/2017,5/1/10002,Default,6/14/2017,5/1/10002,Y
471003IL854,6373,DEKALB - 6373,"1,995,299",Y,6/15/2017,5/2/10002,Default,6/15/2017,5/2/10002,Y
471003IL855,6374,DEKALB - 6374,"1,995,300",Y,6/16/2017,5/3/10002,Default,6/16/2017,5/3/10002,Y
471003IL856,6375,DEKALB - 6375,"1,995,301",Y,6/17/2017,5/4/10002,Default,6/17/2017,5/4/10002,Y
471003IL857,6376,DEKALB - 6376,"1,995,302",Y,6/18/2017,5/5/10002,Default,6/18/2017,5/5/10002,Y
471003IL858,6377,DEKALB - 6377,"1,995,303",Y,6/19/2017,5/6/10002,Default,6/19/2017,5/6/10002,Y
471003IL859,6378,DEKALB - 6378,"1,995,304",Y,6/20/2017,5/7/10002,Default,6/20/2017,5/7/10002,Y
471003IL860,6379,DEKALB - 6379,"1,995,305",Y,6/21/2017,5/8/10002,Default,6/21/2017,5/8/10002,Y
471003IL861,6380,DEKALB - 6380,"1,995,306",Y,6/22/2017,5/9/10002,Default,6/22/2017,5/9/10002,Y
471003IL862,6381,DEKALB - 6381,"1,995,307",Y,6/23/2017,5/10/10002,Default,6/23/2017,5/10/10002,Y
471003IL863,6382,DEKALB - 6382,"1,995,308",Y,6/24/2017,5/11/10002,Default,6/24/2017,5/11/10002,Y
471003IL864,6383,DEKALB - 6383,"1,995,309",Y,6/25/2017,5/12/10002,Default,6/25/2017,5/12/10002,Y
471003IL865,6384,DEKALB - 6384,"1,995,310",Y,6/26/2017,5/13/10002,Default,6/26/2017,5/13/10002,Y
471003IL866,6385,DEKALB - 6385,"1,995,311",Y,6/27/2017,5/14/10002,Default,6/27/2017,5/14/10002,Y
471003IL867,6386,DEKALB - 6386,"1,995,312",Y,6/28/2017,5/15/10002,Default,6/28/2017,5/15/10002,Y
471003IL868,6387,DEKALB - 6387,"1,995,313",Y,6/29/2017,5/16/10002,Default,6/29/2017,5/16/10002,Y
471003IL869,6388,DEKALB - 6388,"1,995,314",Y,6/30/2017,5/17/10002,Default,6/30/2017,5/17/10002,Y
471003IL870,6389,DEKALB - 6389,"1,995,315",Y,7/1/2017,5/18/10002,Default,7/1/2017,5/18/10002,Y
471003IL871,6390,DEKALB - 6390,"1,995,316",Y,7/2/2017,5/19/10002,Default,7/2/2017,5/19/10002,Y
471003IL872,6391,DEKALB - 6391,"1,995,317",Y,7/3/2017,5/20/10002,Default,7/3/2017,5/20/10002,Y
471003IL873,6392,DEKALB - 6392,"1,995,318",Y,7/4/2017,5/21/10002,Default,7/4/2017,5/21/10002,Y
471003IL874,6393,DEKALB - 6393,"1,995,319",Y,7/5/2017,5/22/10002,Default,7/5/2017,5/22/10002,Y
471003IL875,6394,DEKALB - 6394,"1,995,320",Y,7/6/2017,5/23/10002,Default,7/6/2017,5/23/10002,Y
471003IL876,6395,DEKALB - 6395,"1,995,321",Y,7/7/2017,5/24/10002,Default,7/7/2017,5/24/10002,Y
471003IL877,6396,DEKALB - 6396,"1,995,322",Y,7/8/2017,5/25/10002,Default,7/8/2017,5/25/10002,Y
471003IL878,6397,DEKALB - 6397,"1,995,323",Y,7/9/2017,5/26/10002,Default,7/9/2017,5/26/10002,Y
471003IL879,6398,DEKALB - 6398,"1,995,324",Y,7/10/2017,5/27/10002,Default,7/10/2017,5/27/10002,Y
471003IL880,6399,DEKALB - 6399,"1,995,325",Y,7/11/2017,5/28/10002,Default,7/11/2017,5/28/10002,Y
471003IL881,6400,DEKALB - 6400,"1,995,326",Y,7/12/2017,5/29/10002,Default,7/12/2017,5/29/10002,Y
471003IL882,6401,DEKALB - 6401,"1,995,327",Y,7/13/2017,5/30/10002,Default,7/13/2017,5/30/10002,Y
471003IL883,6402,DEKALB - 6402,"1,995,328",Y,7/14/2017,5/31/10002,Default,7/14/2017,5/31/10002,Y
471003IL884,6403,DEKALB - 6403,"1,995,329",Y,7/15/2017,6/1/10002,Default,7/15/2017,6/1/10002,Y
471003IL885,6404,DEKALB - 6404,"1,995,330",Y,7/16/2017,6/2/10002,Default,7/16/2017,6/2/10002,Y
471003IL886,6405,DEKALB - 6405,"1,995,331",Y,7/17/2017,6/3/10002,Default,7/17/2017,6/3/10002,Y
471003IL887,6406,DEKALB - 6406,"1,995,332",Y,7/18/2017,6/4/10002,Default,7/18/2017,6/4/10002,Y
471003IL888,6407,DEKALB - 6407,"1,995,333",Y,7/19/2017,6/5/10002,Default,7/19/2017,6/5/10002,Y
471003IL889,6408,DEKALB - 6408,"1,995,334",Y,7/20/2017,6/6/10002,Default,7/20/2017,6/6/10002,Y
471003IL890,6409,DEKALB - 6409,"1,995,335",Y,7/21/2017,6/7/10002,Default,7/21/2017,6/7/10002,Y
471003IL891,6410,DEKALB - 6410,"1,995,336",Y,7/22/2017,6/8/10002,Default,7/22/2017,6/8/10002,Y
471003IL892,6411,DEKALB - 6411,"1,995,337",Y,7/23/2017,6/9/10002,Default,7/23/2017,6/9/10002,Y
471003IL893,6412,DEKALB - 6412,"1,995,338",Y,7/24/2017,6/10/10002,Default,7/24/2017,6/10/10002,Y
471003IL894,6413,DEKALB - 6413,"1,995,339",Y,7/25/2017,6/11/10002,Default,7/25/2017,6/11/10002,Y
471003IL895,6414,DEKALB - 6414,"1,995,340",Y,7/26/2017,6/12/10002,Default,7/26/2017,6/12/10002,Y
471003IL896,6415,DEKALB - 6415,"1,995,341",Y,7/27/2017,6/13/10002,Default,7/27/2017,6/13/10002,Y
471003IL897,6416,DEKALB - 6416,"1,995,342",Y,7/28/2017,6/14/10002,Default,7/28/2017,6/14/10002,Y
471003IL898,6417,DEKALB - 6417,"1,995,343",Y,7/29/2017,6/15/10002,Default,7/29/2017,6/15/10002,Y
471003IL899,6418,DEKALB - 6418,"1,995,344",Y,7/30/2017,6/16/10002,Default,7/30/2017,6/16/10002,Y
471003IL900,6419,DEKALB - 6419,"1,995,345",Y,7/31/2017,6/17/10002,Default,7/31/2017,6/17/10002,Y
471003IL901,6420,DEKALB - 6420,"1,995,346",Y,8/1/2017,6/18/10002,Default,8/1/2017,6/18/10002,Y
471003IL902,6421,DEKALB - 6421,"1,995,347",Y,8/2/2017,6/19/10002,Default,8/2/2017,6/19/10002,Y
471003IL903,6422,DEKALB - 6422,"1,995,348",Y,8/3/2017,6/20/10002,Default,8/3/2017,6/20/10002,Y
471003IL904,6423,DEKALB - 6423,"1,995,349",Y,8/4/2017,6/21/10002,Default,8/4/2017,6/21/10002,Y
471003IL905,6424,DEKALB - 6424,"1,995,350",Y,8/5/2017,6/22/10002,Default,8/5/2017,6/22/10002,Y
471003IL906,6425,DEKALB - 6425,"1,995,351",Y,8/6/2017,6/23/10002,Default,8/6/2017,6/23/10002,Y
471003IL907,6426,DEKALB - 6426,"1,995,352",Y,8/7/2017,6/24/10002,Default,8/7/2017,6/24/10002,Y
471003IL908,6427,DEKALB - 6427,"1,995,353",Y,8/8/2017,6/25/10002,Default,8/8/2017,6/25/10002,Y
471003IL909,6428,DEKALB - 6428,"1,995,354",Y,8/9/2017,6/26/10002,Default,8/9/2017,6/26/10002,Y
471003IL910,6429,DEKALB - 6429,"1,995,355",Y,8/10/2017,6/27/10002,Default,8/10/2017,6/27/10002,Y
471003IL911,6430,DEKALB - 6430,"1,995,356",Y,8/11/2017,6/28/10002,Default,8/11/2017,6/28/10002,Y
471003IL912,6431,DEKALB - 6431,"1,995,357",Y,8/12/2017,6/29/10002,Default,8/12/2017,6/29/10002,Y
471003IL913,6432,DEKALB - 6432,"1,995,358",Y,8/13/2017,6/30/10002,Default,8/13/2017,6/30/10002,Y
471003IL914,6433,DEKALB - 6433,"1,995,359",Y,8/14/2017,7/1/10002,Default,8/14/2017,7/1/10002,Y
471003IL915,6434,DEKALB - 6434,"1,995,360",Y,8/15/2017,7/2/10002,Default,8/15/2017,7/2/10002,Y
471003IL916,6435,DEKALB - 6435,"1,995,361",Y,8/16/2017,7/3/10002,Default,8/16/2017,7/3/10002,Y
471003IL917,6436,DEKALB - 6436,"1,995,362",Y,8/17/2017,7/4/10002,Default,8/17/2017,7/4/10002,Y
471003IL918,6437,DEKALB - 6437,"1,995,363",Y,8/18/2017,7/5/10002,Default,8/18/2017,7/5/10002,Y
471003IL919,6438,DEKALB - 6438,"1,995,364",Y,8/19/2017,7/6/10002,Default,8/19/2017,7/6/10002,Y
471003IL920,6439,DEKALB - 6439,"1,995,365",Y,8/20/2017,7/7/10002,Default,8/20/2017,7/7/10002,Y
471003IL921,6440,DEKALB - 6440,"1,995,366",Y,8/21/2017,7/8/10002,Default,8/21/2017,7/8/10002,Y
471003IL922,6441,DEKALB - 6441,"1,995,367",Y,8/22/2017,7/9/10002,Default,8/22/2017,7/9/10002,Y
471003IL923,6442,DEKALB - 6442,"1,995,368",Y,8/23/2017,7/10/10002,Default,8/23/2017,7/10/10002,Y
471003IL924,6443,DEKALB - 6443,"1,995,369",Y,8/24/2017,7/11/10002,Default,8/24/2017,7/11/10002,Y
471003IL925,6444,DEKALB - 6444,"1,995,370",Y,8/25/2017,7/12/10002,Default,8/25/2017,7/12/10002,Y
471003IL926,6445,DEKALB - 6445,"1,995,371",Y,8/26/2017,7/13/10002,Default,8/26/2017,7/13/10002,Y
471003IL927,6446,DEKALB - 6446,"1,995,372",Y,8/27/2017,7/14/10002,Default,8/27/2017,7/14/10002,Y
471003IL928,6447,DEKALB - 6447,"1,995,373",Y,8/28/2017,7/15/10002,Default,8/28/2017,7/15/10002,Y
471003IL929,6448,DEKALB - 6448,"1,995,374",Y,8/29/2017,7/16/10002,Default,8/29/2017,7/16/10002,Y
471003IL930,6449,DEKALB - 6449,"1,995,375",Y,8/30/2017,7/17/10002,Default,8/30/2017,7/17/10002,Y
471003IL931,6450,DEKALB - 6450,"1,995,376",Y,8/31/2017,7/18/10002,Default,8/31/2017,7/18/10002,Y
471003IL932,6451,DEKALB - 6451,"1,995,377",Y,9/1/2017,7/19/10002,Default,9/1/2017,7/19/10002,Y
471003IL933,6452,DEKALB - 6452,"1,995,378",Y,9/2/2017,7/20/10002,Default,9/2/2017,7/20/10002,Y
471003IL934,6453,DEKALB - 6453,"1,995,379",Y,9/3/2017,7/21/10002,Default,9/3/2017,7/21/10002,Y
471003IL935,6454,DEKALB - 6454,"1,995,380",Y,9/4/2017,7/22/10002,Default,9/4/2017,7/22/10002,Y
471003IL936,6455,DEKALB - 6455,"1,995,381",Y,9/5/2017,7/23/10002,Default,9/5/2017,7/23/10002,Y
471003IL937,6456,DEKALB - 6456,"1,995,382",Y,9/6/2017,7/24/10002,Default,9/6/2017,7/24/10002,Y
471003IL938,6457,DEKALB - 6457,"1,995,383",Y,9/7/2017,7/25/10002,Default,9/7/2017,7/25/10002,Y
471003IL939,6458,DEKALB - 6458,"1,995,384",Y,9/8/2017,7/26/10002,Default,9/8/2017,7/26/10002,Y
471003IL940,6459,DEKALB - 6459,"1,995,385",Y,9/9/2017,7/27/10002,Default,9/9/2017,7/27/10002,Y
471003IL941,6460,DEKALB - 6460,"1,995,386",Y,9/10/2017,7/28/10002,Default,9/10/2017,7/28/10002,Y
471003IL942,6461,DEKALB - 6461,"1,995,387",Y,9/11/2017,7/29/10002,Default,9/11/2017,7/29/10002,Y
471003IL943,6462,DEKALB - 6462,"1,995,388",Y,9/12/2017,7/30/10002,Default,9/12/2017,7/30/10002,Y
471003IL944,6463,DEKALB - 6463,"1,995,389",Y,9/13/2017,7/31/10002,Default,9/13/2017,7/31/10002,Y
471003IL945,6464,DEKALB - 6464,"1,995,390",Y,9/14/2017,8/1/10002,Default,9/14/2017,8/1/10002,Y
471003IL946,6465,DEKALB - 6465,"1,995,391",Y,9/15/2017,8/2/10002,Default,9/15/2017,8/2/10002,Y
471003IL947,6466,DEKALB - 6466,"1,995,392",Y,9/16/2017,8/3/10002,Default,9/16/2017,8/3/10002,Y
471003IL948,6467,DEKALB - 6467,"1,995,393",Y,9/17/2017,8/4/10002,Default,9/17/2017,8/4/10002,Y
471003IL949,6468,DEKALB - 6468,"1,995,394",Y,9/18/2017,8/5/10002,Default,9/18/2017,8/5/10002,Y
471003IL950,6469,DEKALB - 6469,"1,995,395",Y,9/19/2017,8/6/10002,Default,9/19/2017,8/6/10002,Y
471003IL951,6470,DEKALB - 6470,"1,995,396",Y,9/20/2017,8/7/10002,Default,9/20/2017,8/7/10002,Y
471003IL952,6471,DEKALB - 6471,"1,995,397",Y,9/21/2017,8/8/10002,Default,9/21/2017,8/8/10002,Y
471003IL953,6472,DEKALB - 6472,"1,995,398",Y,9/22/2017,8/9/10002,Default,9/22/2017,8/9/10002,Y
471003IL954,6473,DEKALB - 6473,"1,995,399",Y,9/23/2017,8/10/10002,Default,9/23/2017,8/10/10002,Y
471003IL955,6474,DEKALB - 6474,"1,995,400",Y,9/24/2017,8/11/10002,Default,9/24/2017,8/11/10002,Y
471003IL956,6475,DEKALB - 6475,"1,995,401",Y,9/25/2017,8/12/10002,Default,9/25/2017,8/12/10002,Y
471003IL957,6476,DEKALB - 6476,"1,995,402",Y,9/26/2017,8/13/10002,Default,9/26/2017,8/13/10002,Y
471003IL958,6477,DEKALB - 6477,"1,995,403",Y,9/27/2017,8/14/10002,Default,9/27/2017,8/14/10002,Y
471003IL959,6478,DEKALB - 6478,"1,995,404",Y,9/28/2017,8/15/10002,Default,9/28/2017,8/15/10002,Y
471003IL960,6479,DEKALB - 6479,"1,995,405",Y,9/29/2017,8/16/10002,Default,9/29/2017,8/16/10002,Y
471003IL961,6480,DEKALB - 6480,"1,995,406",Y,9/30/2017,8/17/10002,Default,9/30/2017,8/17/10002,Y
471003IL962,6481,DEKALB - 6481,"1,995,407",Y,10/1/2017,8/18/10002,Default,10/1/2017,8/18/10002,Y
471003IL963,6482,DEKALB - 6482,"1,995,408",Y,10/2/2017,8/19/10002,Default,10/2/2017,8/19/10002,Y
471003IL964,6483,DEKALB - 6483,"1,995,409",Y,10/3/2017,8/20/10002,Default,10/3/2017,8/20/10002,Y
471003IL965,6484,DEKALB - 6484,"1,995,410",Y,10/4/2017,8/21/10002,Default,10/4/2017,8/21/10002,Y
471003IL966,6485,DEKALB - 6485,"1,995,411",Y,10/5/2017,8/22/10002,Default,10/5/2017,8/22/10002,Y
471003IL967,6486,DEKALB - 6486,"1,995,412",Y,10/6/2017,8/23/10002,Default,10/6/2017,8/23/10002,Y
471003IL968,6487,DEKALB - 6487,"1,995,413",Y,10/7/2017,8/24/10002,Default,10/7/2017,8/24/10002,Y
471003IL969,6488,DEKALB - 6488,"1,995,414",Y,10/8/2017,8/25/10002,Default,10/8/2017,8/25/10002,Y
471003IL970,6489,DEKALB - 6489,"1,995,415",Y,10/9/2017,8/26/10002,Default,10/9/2017,8/26/10002,Y
471003IL971,6490,DEKALB - 6490,"1,995,416",Y,10/10/2017,8/27/10002,Default,10/10/2017,8/27/10002,Y
471003IL972,6491,DEKALB - 6491,"1,995,417",Y,10/11/2017,8/28/10002,Default,10/11/2017,8/28/10002,Y
471003IL973,6492,DEKALB - 6492,"1,995,418",Y,10/12/2017,8/29/10002,Default,10/12/2017,8/29/10002,Y
471003IL974,6493,DEKALB - 6493,"1,995,419",Y,10/13/2017,8/30/10002,Default,10/13/2017,8/30/10002,Y
471003IL975,6494,DEKALB - 6494,"1,995,420",Y,10/14/2017,8/31/10002,Default,10/14/2017,8/31/10002,Y
471003IL976,6495,DEKALB - 6495,"1,995,421",Y,10/15/2017,9/1/10002,Default,10/15/2017,9/1/10002,Y
471003IL977,6496,DEKALB - 6496,"1,995,422",Y,10/16/2017,9/2/10002,Default,10/16/2017,9/2/10002,Y
471003IL978,6497,DEKALB - 6497,"1,995,423",Y,10/17/2017,9/3/10002,Default,10/17/2017,9/3/10002,Y
471003IL979,6498,DEKALB - 6498,"1,995,424",Y,10/18/2017,9/4/10002,Default,10/18/2017,9/4/10002,Y
471003IL980,6499,DEKALB - 6499,"1,995,425",Y,10/19/2017,9/5/10002,Default,10/19/2017,9/5/10002,Y
471003IL981,6500,DEKALB - 6500,"1,995,426",Y,10/20/2017,9/6/10002,Default,10/20/2017,9/6/10002,Y
471003IL982,6501,DEKALB - 6501,"1,995,427",Y,10/21/2017,9/7/10002,Default,10/21/2017,9/7/10002,Y
471003IL983,6502,DEKALB - 6502,"1,995,428",Y,10/22/2017,9/8/10002,Default,10/22/2017,9/8/10002,Y
471003IL984,6503,DEKALB - 6503,"1,995,429",Y,10/23/2017,9/9/10002,Default,10/23/2017,9/9/10002,Y
471003IL985,6504,DEKALB - 6504,"1,995,430",Y,10/24/2017,9/10/10002,Default,10/24/2017,9/10/10002,Y
471003IL986,6505,DEKALB - 6505,"1,995,431",Y,10/25/2017,9/11/10002,Default,10/25/2017,9/11/10002,Y
471003IL987,6506,DEKALB - 6506,"1,995,432",Y,10/26/2017,9/12/10002,Default,10/26/2017,9/12/10002,Y
471003IL988,6507,DEKALB - 6507,"1,995,433",Y,10/27/2017,9/13/10002,Default,10/27/2017,9/13/10002,Y
471003IL989,6508,DEKALB - 6508,"1,995,434",Y,10/28/2017,9/14/10002,Default,10/28/2017,9/14/10002,Y
471003IL990,6509,DEKALB - 6509,"1,995,435",Y,10/29/2017,9/15/10002,Default,10/29/2017,9/15/10002,Y
471003IL991,6510,DEKALB - 6510,"1,995,436",Y,10/30/2017,9/16/10002,Default,10/30/2017,9/16/10002,Y
